spec_id,base_year,start_month,window_weeks,lag_years,fold,n,model,macro_f1,weighted_f1,auc_ovr,precision_Growth,recall_Growth,f1_Growth,precision_Stable,recall_Stable,f1_Stable,precision_Decline,recall_Decline,f1_Decline
y2021_m01_w04_lag1y,2021,1,4,1,0,31887,balanced_logistic,0.4500119046741154,0.6258888771773766,0.7249484614683809,0.8478924862553452,0.6074398249452954,0.7078021417644059,0.43136128661688683,0.477735368956743,0.4533655297313613,0.1107850330154072,0.6398305084745762,0.1888680425265791
y2021_m01_w04_lag1y,2021,1,4,1,1,31887,balanced_logistic,0.43662187130607194,0.6214433914328312,0.7049821741872714,0.8376350540216086,0.6107221006564552,0.7064034421665402,0.4207525655644242,0.46946564885496184,0.44377630787733013,0.09442724458204334,0.5169491525423728,0.15968586387434555
y2021_m01_w04_lag1y,2021,1,4,1,2,31887,balanced_logistic,0.44300941444681413,0.630939672892222,0.7153930003016097,0.8547755347996384,0.6207877461706783,0.7192293066294841,0.4238563983786914,0.46564885496183206,0.4437708396483783,0.09767092411720511,0.5531914893617021,0.16602809706257982
y2021_m01_w04_lag1y,2021,1,4,1,3,31887,balanced_logistic,0.4486758596444445,0.63094662425246,0.7142154317082111,0.8444113263785394,0.6199124726477024,0.7149526813880126,0.4316752429959977,0.4802798982188295,0.4546823246010238,0.1044776119402985,0.5659574468085107,0.17639257294429708
y2021_m01_w04_lag1y,2021,1,4,1,4,31887,balanced_logistic,0.4472469347368185,0.6263361154238598,0.7154741298236594,0.8440422322775264,0.6123878310352374,0.7097919837645865,0.43927492447129907,0.4624681933842239,0.4505732878834831,0.10589907604832978,0.6313559322033898,0.18137553256238587
y2021_m01_w08_lag1y,2021,1,8,1,0,31923,balanced_logistic,0.42401836797144626,0.5466252624211928,0.6711436568393445,0.7490494296577946,0.6853876739562624,0.7158058655593045,0.3005025125628141,0.18242830994508846,0.2270311313591496,0.234192037470726,0.554016620498615,0.3292181069958848
y2021_m01_w08_lag1y,2021,1,8,1,1,31923,balanced_logistic,0.42282391794240676,0.5436346681356854,0.6596909835481407,0.7520313813393107,0.6669980119284294,0.7069669432371921,0.3052434456928839,0.19890176937156803,0.24085703731067604,0.22654462242562928,0.5484764542936288,0.32064777327935223
y2021_m01_w08_lag1y,2021,1,8,1,2,31923,balanced_logistic,0.4266241468990904,0.5480246566758498,0.6652234313367988,0.7612193056731583,0.6702286282306164,0.7128320338311087,0.30532212885154064,0.19951189749847467,0.24132841328413285,0.22924901185770752,0.5623268698060941,0.3257119935820297
y2021_m01_w08_lag1y,2021,1,8,1,3,31923,balanced_logistic,0.42363420315559974,0.545505347721611,0.6662832859382755,0.7636001139276559,0.6662524850894632,0.7116124751161248,0.2987747408105561,0.19352869352869354,0.23490181548721747,0.22682119205298013,0.5692520775623269,0.324388318863457
y2021_m01_w08_lag1y,2021,1,8,1,4,31923,balanced_logistic,0.42294010413032135,0.5499877673095823,0.6664025366042905,0.7677220509946764,0.6809145129224652,0.7217173712630054,0.28622862286228623,0.19413919413919414,0.23135685703892325,0.22476525821596244,0.5304709141274239,0.31574608408903543
y2021_m01_w12_lag1y,2021,1,12,1,0,32159,balanced_logistic,0.4099045385779055,0.5567211601300583,0.6513840580448849,0.7702443041449355,0.6658756525866161,0.7142675321369479,0.3193717277486911,0.21516754850088182,0.2571127502634352,0.16981132075471697,0.539651837524178,0.25833333333333336
y2021_m01_w12_lag1y,2021,1,12,1,1,32159,balanced_logistic,0.40822648215523466,0.5507137351965733,0.6487210797876111,0.7593406593406593,0.6559088751779781,0.7038451744334098,0.3315018315018315,0.21281599059376838,0.25921947726459005,0.17058823529411765,0.5609284332688588,0.2616147947677041
y2021_m01_w12_lag1y,2021,1,12,1,2,32159,balanced_logistic,0.40873394687179726,0.5504429631633163,0.6489250193006137,0.75548929249119,0.661523854735343,0.7053910402429765,0.3320574162679426,0.20387779083431257,0.25263924281033856,0.17491166077738515,0.574468085106383,0.2681715575620767
y2021_m01_w12_lag1y,2021,1,12,1,3,32159,balanced_logistic,0.393540046336364,0.5372526952618482,0.635967217265328,0.7517433751743375,0.639686684073107,0.6912028725314183,0.30355594102341715,0.2056404230317274,0.24518388791593695,0.15938606847697756,0.5222437137330754,0.24423337856173677
y2021_m01_w12_lag1y,2021,1,12,1,4,32159,balanced_logistic,0.40439013344423674,0.5485529743811759,0.6436021227047508,0.7548103353490929,0.6517920721576074,0.6995287224557382,0.3240506329113924,0.2257495590828924,0.2661122661122661,0.16355721393034825,0.5087040618955513,0.2475294117647059
y2021_m01_w16_lag1y,2021,1,16,1,0,32205,balanced_logistic,0.4273324197224812,0.6101705285266941,0.6863535191156228,0.8334814814814815,0.6136561954624782,0.7068727227038573,0.38268156424581007,0.4308176100628931,0.40532544378698226,0.10266457680250783,0.49063670411985016,0.169799092676604
y2021_m01_w16_lag1y,2021,1,16,1,1,32205,balanced_logistic,0.41608941739176714,0.5945299671261149,0.6842466329850989,0.813953488372093,0.6109535238926468,0.697993269350617,0.34814814814814815,0.38403519798868635,0.36521219366407653,0.11235955056179775,0.5243445692883895,0.18506278916060806
y2021_m01_w16_lag1y,2021,1,16,1,2,32205,balanced_logistic,0.42610106570683315,0.6053900456219939,0.6874091155487717,0.8157743235463443,0.6183722452542003,0.703487650490257,0.37951105937136204,0.4098051539912005,0.3940767603505591,0.10968775020016013,0.5131086142322098,0.18073878627968337
y2021_m01_w16_lag1y,2021,1,16,1,3,32205,balanced_logistic,0.43407308297509256,0.6012977468553291,0.7055138686353754,0.8171630787378354,0.6046257909666157,0.6950087785302232,0.3656084656084656,0.4345911949685535,0.3971264367816092,0.12931034482758622,0.5597014925373134,0.21008403361344538
y2021_m01_w16_lag1y,2021,1,16,1,4,32205,balanced_logistic,0.44029607276829147,0.61817182350361,0.7119489698194542,0.8286284573709723,0.6340824787257255,0.7184177997527812,0.3865645256334708,0.4125786163522013,0.3991481594158807,0.12368633791430882,0.5708955223880597,0.20332225913621263
y2021_m01_w20_lag1y,2021,1,20,1,0,32724,balanced_logistic,0.45395242271060215,0.6545309828808058,0.7429457384148895,0.8700549450549451,0.6554221854304636,0.747639282341832,0.3837658752070679,0.4624085163007319,0.4194327097163549,0.11608775137111517,0.6047619047619047,0.19478527607361965
y2021_m01_w20_lag1y,2021,1,20,1,1,32724,balanced_logistic,0.4495324328962995,0.6484540529820365,0.736586760066476,0.8636112644947542,0.6473509933774835,0.740004731488053,0.3806663025669033,0.4637391882900865,0.41811637672465507,0.11355311355311355,0.5904761904761905,0.19047619047619047
y2021_m01_w20_lag1y,2021,1,20,1,2,32724,balanced_logistic,0.44600383523930737,0.6477386154493825,0.7334211917788132,0.8676142697881828,0.6443800455392258,0.7395177574533792,0.3783638320775027,0.46742021276595747,0.4182034503271862,0.10737033666969972,0.5619047619047619,0.18029029793735676
y2021_m01_w20_lag1y,2021,1,20,1,3,32724,balanced_logistic,0.4558975686145432,0.6536209839200656,0.733954796517447,0.8588012958963283,0.6584558062512937,0.7454012888107792,0.38529088913282106,0.46675531914893614,0.4221286831028262,0.12070657507360157,0.5857142857142857,0.2001627339300244
y2021_m01_w20_lag1y,2021,1,20,1,4,32724,balanced_logistic,0.45781047362081634,0.6582341682548111,0.7413275795959251,0.8758006126427179,0.6510039329331402,0.7468534789836143,0.3958333333333333,0.49268617021276595,0.43898104265402843,0.11193339500462535,0.5789473684210527,0.1875968992248062
y2021_m01_w30_lag1y,2021,1,30,1,0,32893,balanced_logistic,0.4644066878718238,0.6261447966616573,0.7287290733408668,0.8443522087162764,0.6208851100937431,0.7155778894472362,0.42052313883299797,0.48717948717948717,0.4514038876889849,0.138752052545156,0.6123188405797102,0.22623828647925034
y2021_m01_w30_lag1y,2021,1,30,1,1,32893,balanced_logistic,0.4715257053960877,0.6304542670651428,0.7309830614975397,0.8454897290860375,0.619141050795727,0.7148250692172162,0.42884708152436085,0.5180652680652681,0.4692531010820797,0.14298169136878813,0.5942028985507246,0.23049894588896697
y2021_m01_w30_lag1y,2021,1,30,1,2,32893,balanced_logistic,0.4663735906582602,0.619398451554144,0.7310100583818716,0.8422808613891416,0.60540658382385,0.7044647387113141,0.4140096618357488,0.4994172494172494,0.4527205493924987,0.1485148514851485,0.6521739130434783,0.24193548387096775
y2021_m01_w30_lag1y,2021,1,30,1,3,32893,balanced_logistic,0.46701533393139166,0.6252365764867157,0.7388775057753536,0.8516833484986351,0.6122982991713912,0.7124191297729291,0.41911764705882354,0.4982517482517482,0.45527156549520764,0.1426269137792103,0.6413043478260869,0.23335530652603823
y2021_m01_w30_lag1y,2021,1,30,1,4,32893,balanced_logistic,0.45281557833499003,0.6124793067811348,0.7289820562354931,0.8411442483262325,0.6025724874645738,0.7021465769084212,0.39740509370494953,0.4822157434402332,0.4357218124341412,0.13542526837324526,0.5942028985507246,0.22057834566240753
y2021_m01_w04_lag2y,2021,1,4,2,0,27983,balanced_logistic,0.4308359271497311,0.544194696671711,0.671614787779692,0.7217642209398186,0.5344932844932845,0.6141704665029815,0.5197294250281849,0.4720942140296979,0.494767909847062,0.11596277738010022,0.44021739130434784,0.18356940509915015
y2021_m01_w04_lag2y,2021,1,4,2,1,27983,balanced_logistic,0.4298806917829349,0.544651237875866,0.6676755753391453,0.729235880398671,0.536019536019536,0.6178747361013371,0.520414031052329,0.463389656938044,0.490249187432286,0.11379310344827587,0.4483695652173913,0.18151815181518152
y2021_m01_w04_lag2y,2021,1,4,2,2,27983,balanced_logistic,0.4206222160652368,0.5398890524978955,0.6535498622904905,0.7102543720190779,0.5454822954822954,0.6170580110497238,0.5173631547969394,0.4500768049155146,0.4813800657174151,0.10347322720694646,0.38858695652173914,0.16342857142857142
y2021_m01_w04_lag2y,2021,1,4,2,3,27983,balanced_logistic,0.43603919730307883,0.5436337077918337,0.6698991024101072,0.7269653423499577,0.525030525030525,0.6097128677773839,0.5231900452488688,0.4738729508196721,0.49731182795698925,0.12585499316005472,0.5,0.2010928961748634
y2021_m01_w04_lag2y,2021,1,4,2,4,27983,balanced_logistic,0.4393523034552784,0.5504817023201958,0.6781697556858081,0.7325581395348837,0.5386259541984733,0.6207988738342425,0.5276984580239863,0.4731182795698925,0.49892008639308855,0.12456506610995129,0.48641304347826086,0.19833795013850417
y2021_m01_w08_lag2y,2021,1,8,2,0,28064,balanced_logistic,0.4550469531589268,0.6012599029710339,0.7235126589846562,0.7510010921004733,0.6062297972377314,0.6708943089430894,0.5944931163954944,0.47310756972111556,0.5268996117581808,0.09700315457413249,0.6089108910891089,0.1673469387755102
y2021_m01_w08_lag2y,2021,1,8,2,1,28064,balanced_logistic,0.4554778791212916,0.6069194744871962,0.7005141910479177,0.7612781954887218,0.5952380952380952,0.6680963378422963,0.5814341300722624,0.520657043305127,0.5493697478991597,0.08752166377816291,0.5,0.14896755162241887
y2021_m01_w08_lag2y,2021,1,8,2,2,28064,balanced_logistic,0.4605569311912096,0.6109552514206267,0.7163242476450981,0.7615749179730222,0.6140505584950029,0.6799023596419853,0.5919095776323617,0.4952712792434047,0.5392953929539296,0.09503784693019345,0.5594059405940595,0.16247304097771387
y2021_m01_w08_lag2y,2021,1,8,2,3,28064,balanced_logistic,0.46255918483427366,0.6081437043235177,0.7215042658728675,0.7708874860750092,0.6102292768959435,0.681214109926169,0.5771732702542874,0.485813837730214,0.5275675675675676,0.10414971521562245,0.6336633663366337,0.17889587700908455
y2021_m01_w08_lag2y,2021,1,8,2,4,28064,balanced_logistic,0.462917204766953,0.6115726154242501,0.7222083756271505,0.7650667629014796,0.6231628453850676,0.6868621415843188,0.5918367346938775,0.4763563962170234,0.5278543849972421,0.10130718954248366,0.6169154228855721,0.17403508771929824
y2021_m01_w12_lag2y,2021,1,12,2,0,28212,balanced_logistic,0.42928241779394954,0.5886336440497218,0.6887946012494979,0.7791279485346676,0.5844504021447721,0.6678921568627451,0.47017129356172477,0.46658851113716293,0.46837305089732273,0.08940972222222222,0.4975845410628019,0.1515820456217807
y2021_m01_w12_lag2y,2021,1,12,2,1,28212,balanced_logistic,0.43842341026732806,0.5904102835993402,0.6925076976327071,0.7922935779816513,0.5789755966747118,0.669042454291912,0.46585648148148145,0.4715875805506737,0.46870451237263466,0.10420168067226891,0.5990338164251208,0.17752326413743735
y2021_m01_w12_lag2y,2021,1,12,2,2,28212,balanced_logistic,0.4343781406922657,0.5891966541850389,0.6877976447163396,0.7806288398988074,0.5792437650844731,0.6650246305418719,0.474824355971897,0.47510251903925016,0.4749633967789165,0.0959725792630677,0.5436893203883495,0.16314639475600873
y2021_m01_w12_lag2y,2021,1,12,2,3,28212,balanced_logistic,0.43141304606311387,0.5960480060458313,0.6692244799106986,0.783410138248848,0.5926521855725395,0.6748091603053435,0.4775771694816541,0.4803749267721148,0.47897196261682246,0.08333333333333333,0.44660194174757284,0.14045801526717558
y2021_m01_w12_lag2y,2021,1,12,2,4,28212,balanced_logistic,0.4338820035168949,0.5836212092999317,0.6991145413673925,0.7692852087756546,0.5829981228211317,0.6633104500381388,0.4668693009118541,0.44991212653778556,0.45823389021479716,0.10589239965841162,0.6019417475728155,0.18010167029774873
y2021_m01_w16_lag2y,2021,1,16,2,0,28203,balanced_logistic,0.4186055268193962,0.5665365695854032,0.6705218488680584,0.7675852066715011,0.5671042057326547,0.6522877830842705,0.43071385722855426,0.42636579572446553,0.42852879737391825,0.10361842105263158,0.5625,0.175
y2021_m01_w16_lag2y,2021,1,16,2,1,28203,balanced_logistic,0.42358418391534053,0.5805833906261247,0.6594557618766896,0.7757640369580668,0.5847843557460487,0.6668703222850161,0.45561762880198636,0.43612596553773025,0.445658773527626,0.09375,0.5066666666666667,0.1582234559333796
y2021_m01_w16_lag2y,2021,1,16,2,2,28203,balanced_logistic,0.4313649468783621,0.5818552241856135,0.6807960659919566,0.7802433786685755,0.5841371918542336,0.6680968433956481,0.44537313432835823,0.44299287410926363,0.44417981542125634,0.1083617747440273,0.5644444444444444,0.18181818181818182
y2021_m01_w16_lag2y,2021,1,16,2,3,28203,balanced_logistic,0.4249806269867353,0.5695050642055887,0.6807587022355251,0.7731464404278864,0.5616291532690246,0.6506285891665373,0.4375,0.44477434679334915,0.44110718492343937,0.10846343467543139,0.5892857142857143,0.183206106870229
y2021_m01_w16_lag2y,2021,1,16,2,4,28203,balanced_logistic,0.4315108627986284,0.5804035456430696,0.6763527814971054,0.7718429430491688,0.5846730975348339,0.6653453270315597,0.4467065868263473,0.44299287410926363,0.44484197972570066,0.11023622047244094,0.5625,0.18434528163862474
y2021_m01_w20_lag2y,2021,1,20,2,0,28546,balanced_logistic,0.43266657867957115,0.5565411796692958,0.6721577812170928,0.7362050551797793,0.5896777872825777,0.6548448385053831,0.4870259481037924,0.3912346338856227,0.4339063426200356,0.12947067238912732,0.5451807228915663,0.2092485549132948
y2021_m01_w20_lag2y,2021,1,20,2,1,28546,balanced_logistic,0.42452770391772104,0.551998321191385,0.6575078042150878,0.7345701034605779,0.5872789503707929,0.6527183388809638,0.4678138942001275,0.3920940170940171,0.42662016855565243,0.1211667913238594,0.48942598187311176,0.19424460431654678
y2021_m01_w20_lag2y,2021,1,20,2,2,28546,balanced_logistic,0.4288159790563555,0.5561897462847453,0.6497146341167853,0.7352732434350603,0.5909868796349116,0.6552814674256799,0.4729219143576826,0.4011752136752137,0.43410404624277454,0.12356101304681504,0.486404833836858,0.19706242350061198
y2021_m01_w20_lag2y,2021,1,20,2,3,28546,balanced_logistic,0.4332988449438499,0.5566575132747372,0.6593198254018565,0.7314183123877918,0.5810039931545922,0.6475917978063901,0.486284289276808,0.4166666666666667,0.4487917146144994,0.12727272727272726,0.5075528700906344,0.20351302241066022
y2021_m01_w20_lag2y,2021,1,20,2,4,28546,balanced_logistic,0.422899162978527,0.547313364261338,0.658988489877835,0.7305346250448511,0.580718767826583,0.6470681709836326,0.46580645161290324,0.38588989845002675,0.4220988015200234,0.1239067055393586,0.5120481927710844,0.19953051643192488
y2021_m01_w30_lag2y,2021,1,30,2,0,28487,balanced_logistic,0.4516680605261634,0.5081233268023785,0.6677499717891958,0.6164736164736164,0.5518433179723502,0.5823708206686931,0.5761772853185596,0.40961008270972826,0.47882136279926335,0.19910371318822023,0.5603603603603604,0.29381199811053377
y2021_m01_w30_lag2y,2021,1,30,2,1,28487,balanced_logistic,0.4522674849565442,0.5086237532663258,0.6673352792983908,0.6037267080745342,0.5599078341013825,0.5809922295277944,0.5928489042675894,0.40504334121355395,0.4812734082397004,0.2001291155584248,0.5575539568345323,0.29453681710213775
y2021_m01_w30_lag2y,2021,1,30,2,2,28487,balanced_logistic,0.45461310711695857,0.5124578063115466,0.6668915461154304,0.6199230440359128,0.5568356374807988,0.5866882460044507,0.5718884120171673,0.42001576044129235,0.4843253066787824,0.20080321285140562,0.5405405405405406,0.29282576866764276
y2021_m01_w30_lag2y,2021,1,30,2,3,28487,balanced_logistic,0.4350669028485583,0.49854076897576866,0.6493325356751694,0.6025032369443245,0.5360983102918587,0.5673643568380411,0.5619399051133368,0.42001576044129235,0.48072153325817363,0.17666891436277815,0.4720720720720721,0.25711481844946027
y2021_m01_w30_lag2y,2021,1,30,2,4,28487,balanced_logistic,0.44519973872435786,0.506237129687877,0.6592320708874541,0.6145517540060632,0.5451402228198233,0.5777687296416938,0.572428648357566,0.4186687672311934,0.48362147406733397,0.1868060091443501,0.5153153153153153,0.274209012464046
y2021_m02_w04_lag1y,2021,2,4,1,0,32977,balanced_logistic,0.45146480643616765,0.5561910595261477,0.6881539540627681,0.35129533678756475,0.5007385524372231,0.41291108404384896,0.7874920229738354,0.5837275307473982,0.6704699809834285,0.22519582245430808,0.34023668639053256,0.27101335428122547
y2021_m02_w04_lag1y,2021,2,4,1,1,32977,balanced_logistic,0.44898882808560986,0.5490633489729173,0.6783699564741976,0.35218508997429304,0.5055350553505535,0.41515151515151516,0.7774911318929377,0.5703808847882659,0.6580240174672489,0.2264516129032258,0.34615384615384615,0.27379095163806555
y2021_m02_w04_lag1y,2021,2,4,1,2,32977,balanced_logistic,0.45850634033577836,0.5588964388782646,0.6917980019068302,0.3571072319201995,0.5284132841328413,0.4261904761904762,0.7902391725921137,0.5784244144783535,0.6679415380412512,0.23596256684491979,0.3484698914116486,0.2813870067756078
y2021_m02_w04_lag1y,2021,2,4,1,3,32977,balanced_logistic,0.4554330171184175,0.5567494654274104,0.68862849621713,0.35858585858585856,0.5239852398523985,0.4257871064467766,0.7861736334405145,0.5784244144783535,0.6664849393485076,0.2292358803986711,0.3405725567620928,0.27402700555996823
y2021_m02_w04_lag1y,2021,2,4,1,4,32977,balanced_logistic,0.45308977424365854,0.5544261849160566,0.6878570043113829,0.3497183819764465,0.5040590405904058,0.41293833131801694,0.7872615583575816,0.5760586704518571,0.6653005464480874,0.23240800516462234,0.35538005923000987,0.2810304449648712
y2021_m02_w08_lag1y,2021,2,8,1,0,33332,balanced_logistic,0.4752521417655869,0.5651009001555265,0.7028420685097592,0.5048494129657989,0.46849834201800095,0.485995085995086,0.7544210877544211,0.5837851794474568,0.6582241630276565,0.19696084161309177,0.493411420204978,0.28153717627401836
y2021_m02_w08_lag1y,2021,2,8,1,1,33332,balanced_logistic,0.4765899100701579,0.5681538550599905,0.7000803005954584,0.506519558676028,0.4786729857819905,0.4922027290448343,0.758355614973262,0.5858507616834495,0.6610342316096139,0.19452706722189173,0.4780701754385965,0.27653276955602535
y2021_m02_w08_lag1y,2021,2,8,1,2,33332,balanced_logistic,0.47812916599550087,0.5727452159246954,0.7023306583868969,0.5138282387190685,0.5018957345971564,0.5077918964277152,0.7632996632996633,0.5853343661244513,0.6625748940523163,0.1871559633027523,0.4480234260614934,0.2640207075064711
y2021_m02_w08_lag1y,2021,2,8,1,3,33332,balanced_logistic,0.48788769896637557,0.5820361059147626,0.7095825760889082,0.5313765182186235,0.4976303317535545,0.5139500734214391,0.7553841208614593,0.6067647818228763,0.672966781214204,0.19822672577580747,0.4582723279648609,0.27674624226348365
y2021_m02_w08_lag1y,2021,2,8,1,4,33332,balanced_logistic,0.47832920497492654,0.5701349300153287,0.6976490604262461,0.522567703109328,0.4938388625592417,0.5077972709551657,0.7503315649867374,0.584301575006455,0.6569894033967194,0.19082125603864733,0.46266471449487556,0.2702009405728944
y2021_m02_w12_lag1y,2021,2,12,1,0,32961,balanced_logistic,0.48279107003427596,0.5845457024163576,0.722287707349763,0.7269155206286837,0.5502676977989293,0.6263754867106822,0.6304793117574764,0.5438162544169611,0.5839499146272055,0.14872433105164903,0.5960099750623441,0.23804780876494025
y2021_m02_w12_lag1y,2021,2,12,1,1,32961,balanced_logistic,0.48360976389562477,0.5812565496785972,0.7234402117735422,0.7182650218861918,0.5370425468610532,0.6145726932243786,0.6176812718107794,0.5628975265017668,0.589018302828619,0.15666666666666668,0.5860349127182045,0.24723829563387692
y2021_m02_w12_lag1y,2021,2,12,1,2,32961,balanced_logistic,0.4827214268434423,0.5847241184744799,0.7167647528741977,0.7226422602467171,0.5403153823266885,0.6183180115764385,0.6233514352211016,0.5678445229681979,0.5943047337278107,0.1492338441039307,0.5586034912718204,0.23554153522607782
y2021_m02_w12_lag1y,2021,2,12,1,3,32961,balanced_logistic,0.47879518279774297,0.5803252301273579,0.7163764764113707,0.7213050314465409,0.5458060678167758,0.6214019641043007,0.6182108626198083,0.5471898197242842,0.5805362835177199,0.14766839378238342,0.5685785536159601,0.23444730077120823
y2021_m02_w12_lag1y,2021,2,12,1,4,32961,balanced_logistic,0.4997587846411807,0.59543765465921,0.7318713000914504,0.7321150855365475,0.5600832837596669,0.6346477923828783,0.6264165689722548,0.5666313184870979,0.5950259836674091,0.17180013689253937,0.6259351620947631,0.2696025778732546
y2021_m02_w16_lag1y,2021,2,16,1,0,33035,balanced_logistic,0.4888488214495968,0.6013305151210278,0.726490168209339,0.7771195853387635,0.5689888858769314,0.6569640062597809,0.5859247135842881,0.5611285266457681,0.5732586068855084,0.14774281805745554,0.5901639344262295,0.2363238512035011
y2021_m02_w16_lag1y,2021,2,16,1,1,33035,balanced_logistic,0.48856427763460425,0.5917932593200519,0.730182942531545,0.7587348289812431,0.5592301436703714,0.6438826466916354,0.5760913912688699,0.5532915360501567,0.5644613232060763,0.16144745998608212,0.6338797814207651,0.25734886300610094
y2021_m02_w16_lag1y,2021,2,16,1,2,33035,balanced_logistic,0.48881322085087975,0.598873371043783,0.7245990237859999,0.7651705565529623,0.5776633233938737,0.6583256101328391,0.5842791088692728,0.5446708463949843,0.5637801662948692,0.15315315315315314,0.6038251366120219,0.2443338861249309
y2021_m02_w16_lag1y,2021,2,16,1,3,33035,balanced_logistic,0.4845808373638894,0.5937245654279918,0.723554858717694,0.7677179962894248,0.5607046070460705,0.6480814408770555,0.5783872288170282,0.5539004312034497,0.565879054865839,0.14976174268209666,0.6010928961748634,0.23978201634877383
y2021_m02_w16_lag1y,2021,2,16,1,4,33035,balanced_logistic,0.47285808739309276,0.5839077977642536,0.7193994277419216,0.7719955073006365,0.558959067497967,0.6484276729559748,0.5637982195845698,0.5213641709133673,0.5417515274949084,0.14077362079898542,0.6049046321525886,0.22839506172839505
y2021_m02_w20_lag1y,2021,2,20,1,0,33309,balanced_logistic,0.49097494057134644,0.5923353936807201,0.7184944088478958,0.7444933920704846,0.5756457564575646,0.6492716503921883,0.6066997518610422,0.5403314917127072,0.5715955581531268,0.1611842105263158,0.5778301886792453,0.25205761316872427
y2021_m02_w20_lag1y,2021,2,20,1,1,33309,balanced_logistic,0.4939168805720236,0.5913192614486498,0.7287589740077912,0.7499084584401318,0.5813227363042861,0.6549408378637672,0.6005917159763313,0.5233885819521179,0.5593387128518008,0.16996805111821087,0.6273584905660378,0.26747109100050276
y2021_m02_w20_lag1y,2021,2,20,1,2,33309,balanced_logistic,0.4921762194591093,0.589377109059777,0.7189322944662457,0.749438202247191,0.5679818336644905,0.6462134668173745,0.5882586275287585,0.5462246777163904,0.56646294881589,0.1699524133242692,0.589622641509434,0.2638522427440633
y2021_m02_w20_lag1y,2021,2,20,1,3,33309,balanced_logistic,0.4951315256438793,0.5931174242420159,0.7386661371754387,0.7479204339963834,0.5869997161510077,0.6577608142493638,0.60084388185654,0.5244935543278084,0.56007866273353,0.17092337917485265,0.6155660377358491,0.2675550999487442
y2021_m02_w20_lag1y,2021,2,20,1,4,33309,balanced_logistic,0.4998512107357746,0.5953621079305419,0.73060130406453,0.7367097701149425,0.5821742832812944,0.6503884572697003,0.6079967023907666,0.5432780847145487,0.5738183232834079,0.17780840799448655,0.6099290780141844,0.2753468516542156
y2021_m02_w30_lag1y,2021,2,30,1,0,33134,balanced_logistic,0.45864563157220406,0.5229543062179519,0.6786314194290526,0.5948741007194245,0.47065101387406616,0.5255213505461768,0.627607129313614,0.5207677784770296,0.5692175408426483,0.1913929784824462,0.5297805642633229,0.281198003327787
y2021_m02_w30_lag1y,2021,2,30,1,1,33134,balanced_logistic,0.4544443390735857,0.5127066406510598,0.6747217554767758,0.5838537020517395,0.4656705798648168,0.5181080546210172,0.6194205168363351,0.4977973568281938,0.5519888346127007,0.19770617149098854,0.567398119122257,0.2932361279870393
y2021_m02_w30_lag1y,2021,2,30,1,2,33134,balanced_logistic,0.46305411728901746,0.5232603078663461,0.6747499737395303,0.5933333333333334,0.4750889679715303,0.5276679841897233,0.6222558667676003,0.5173064820641913,0.5649484536082474,0.20288184438040346,0.5508607198748043,0.2965459140690817
y2021_m02_w30_lag1y,2021,2,30,1,3,33134,balanced_logistic,0.4720864530079271,0.5319146345330016,0.6884067613726899,0.6022026431718062,0.4863038064745642,0.5380830545168274,0.6370313103981445,0.5187283600881335,0.5718251214434421,0.20847457627118643,0.5774647887323944,0.30635118306351183
y2021_m02_w30_lag1y,2021,2,30,1,4,33134,balanced_logistic,0.4705735481709851,0.5324791096228584,0.6793948578208067,0.6072548141513658,0.4823906083244397,0.5376685170499603,0.6413338503295851,0.5206169342146679,0.5747046560111189,0.20231532524807055,0.5752351097178683,0.299347471451876
y2021_m02_w04_lag2y,2021,2,4,2,0,28991,balanced_logistic,0.413805882200587,0.5671923153233219,0.6762479756041052,0.25831564048124556,0.38219895287958117,0.30827702702702703,0.7941361916771753,0.6388536647222927,0.7080815179198876,0.19604612850082373,0.2641509433962264,0.22505910165484633
y2021_m02_w04_lag2y,2021,2,4,2,1,28991,balanced_logistic,0.4202117163056984,0.5715223146459673,0.6815212575180746,0.2504930966469428,0.39895287958115183,0.3077544426494346,0.8039718129404229,0.6365711387268578,0.7105449398443029,0.21558441558441557,0.27666666666666667,0.24233576642335766
y2021_m02_w04_lag2y,2021,2,4,2,2,28991,balanced_logistic,0.42836755509708463,0.5813784433018604,0.6837892156287126,0.269482884195193,0.387434554973822,0.3178694158075601,0.8004941321803583,0.657367486685265,0.7219050271549924,0.21566975568660487,0.28444444444444444,0.2453282223287015
y2021_m02_w04_lag2y,2021,2,4,2,3,28991,balanced_logistic,0.41976861959762607,0.5733579944335789,0.6762144712128922,0.25804195804195806,0.3863874345549738,0.30943396226415093,0.7944737659112077,0.6489982247020035,0.7144053601340034,0.2101133391455972,0.2677777777777778,0.23546653639472398
y2021_m02_w04_lag2y,2021,2,4,2,4,28991,balanced_logistic,0.4245153674404958,0.5751683060361338,0.681122377446748,0.2520107238605898,0.393717277486911,0.3073150796894156,0.8039402605656181,0.6416434187167132,0.7136812411847673,0.22433132010353754,0.28888888888888886,0.2525497814473045
y2021_m02_w08_lag2y,2021,2,8,2,0,29203,balanced_logistic,0.4421856732155854,0.5408889909919561,0.6747553105864611,0.3467948717948718,0.42232630757220924,0.38085181274199226,0.785551330798479,0.5467054776395872,0.6447183647995007,0.2216838279830406,0.4686299615877081,0.30098684210526316
y2021_m02_w08_lag2y,2021,2,8,2,1,29203,balanced_logistic,0.45087506948467776,0.5505399701119943,0.685818599191283,0.36451612903225805,0.4410616705698673,0.39915224302366653,0.7952218430034129,0.5549087060068801,0.6536783042394015,0.22067714631197097,0.4673495518565941,0.2997946611909651
y2021_m02_w08_lag2y,2021,2,8,2,2,29203,balanced_logistic,0.4310431663845043,0.5300071504336028,0.667558023346955,0.3357050452781371,0.405152224824356,0.3671736823487796,0.7810444874274661,0.5342683249536915,0.6345065996228787,0.21228070175438596,0.4647887323943662,0.2914492171818547
y2021_m02_w08_lag2y,2021,2,8,2,3,29203,balanced_logistic,0.4413576172171201,0.5394214204131329,0.6696927503216467,0.3444302176696543,0.419984387197502,0.37847344354555046,0.7746268656716417,0.549351680338714,0.6428239665582908,0.22528160200250313,0.46153846153846156,0.3027754415475189
y2021_m02_w08_lag2y,2021,2,8,2,4,29203,balanced_logistic,0.4358619834266526,0.5337493821732184,0.6714054686618275,0.3341772151898734,0.41217798594847777,0.3691017126878714,0.7809742999616417,0.5389094759131816,0.6377447141738449,0.22141560798548093,0.4686299615877081,0.30073952341824156
y2021_m02_w12_lag2y,2021,2,12,2,0,28777,balanced_logistic,0.4518155938801646,0.528473494811866,0.6861509568479688,0.354073123797306,0.4623115577889447,0.40101707228478023,0.7786100707449022,0.5130244036194133,0.6185123966942149,0.2536231884057971,0.4972677595628415,0.3359173126614987
y2021_m02_w12_lag2y,2021,2,12,2,1,28777,balanced_logistic,0.45876961713462466,0.5334476953007907,0.6926217722346969,0.3640323584318606,0.4899497487437186,0.417707961442342,0.7830267558528428,0.513713658804169,0.6204041073203047,0.257256687535572,0.49344978165938863,0.3381967826412271
y2021_m02_w12_lag2y,2021,2,12,2,2,28777,balanced_logistic,0.4640663123753068,0.5421083159849616,0.688942317828121,0.3697705802968961,0.45896147403685095,0.40956651718983555,0.7768496420047732,0.5356555128908392,0.634090909090909,0.2649232518476407,0.5092896174863388,0.34854151084517576
y2021_m02_w12_lag2y,2021,2,12,2,3,28777,balanced_logistic,0.45647714393912864,0.532114603303468,0.6852226879534683,0.3644388398486759,0.48408710217755446,0.4158273381294964,0.7755354200988468,0.5164563905650027,0.6200197563384919,0.25445146467547386,0.48415300546448087,0.3335843373493976
y2021_m02_w12_lag2y,2021,2,12,2,4,28777,balanced_logistic,0.4600557352351542,0.5317981258682113,0.6876817759282293,0.357487922705314,0.49581239530988275,0.41543859649122805,0.7870251813913786,0.505759736697751,0.615795625313074,0.265375854214123,0.5092896174863388,0.3489329839011606
y2021_m02_w16_lag2y,2021,2,16,2,0,28762,balanced_logistic,0.45016672387505957,0.513147031076861,0.67604550789184,0.32865853658536587,0.5089707271010387,0.39940718784735085,0.7519148936170212,0.4941275167785235,0.5963550455619305,0.28984685195689164,0.45706618962432916,0.3547379382158973
y2021_m02_w16_lag2y,2021,2,16,2,1,28762,balanced_logistic,0.4575283413376785,0.5204485923164842,0.6823560548818829,0.3329015544041451,0.48536355051935787,0.3949289281598156,0.7552565180824222,0.5022371364653244,0.6032919046019483,0.3014746040415074,0.4937388193202147,0.3743641912512716
y2021_m02_w16_lag2y,2021,2,16,2,2,28762,balanced_logistic,0.4582646774006756,0.5147091047244071,0.6852990034047295,0.3418590143480973,0.5179584120982986,0.4118752348741075,0.7554680664916885,0.4829418344519016,0.5892186966905493,0.2989801395598497,0.49821109123434704,0.37370010063737
y2021_m02_w16_lag2y,2021,2,16,2,3,28762,balanced_logistic,0.4541134374687261,0.5126716472754466,0.6764152073039336,0.33433014354066987,0.5283553875236295,0.4095238095238095,0.7541340295909487,0.48461968680089484,0.5900578821927136,0.2951739618406285,0.47048300536672627,0.3627586206896552
y2021_m02_w16_lag2y,2021,2,16,2,4,28762,balanced_logistic,0.44390832550503717,0.5056672304958765,0.6698529246173998,0.3331261653200746,0.506137865911237,0.4017991004497751,0.7434689507494646,0.4855944055944056,0.5874788494077834,0.2771017699115044,0.4481216457960644,0.342447026657553
y2021_m02_w20_lag2y,2021,2,20,2,0,28922,balanced_logistic,0.468291652349447,0.520044287437561,0.6861045029241248,0.331629392971246,0.5451680672268907,0.4123957091775924,0.7467921300256629,0.4854045037531276,0.5883740522325189,0.33475026567481403,0.5097087378640777,0.4041051956382296
y2021_m02_w20_lag2y,2021,2,20,2,1,28922,balanced_logistic,0.453605595263761,0.5145909518080279,0.6757333348964377,0.3152317880794702,0.5,0.3866774979691308,0.746537977339488,0.4945788156797331,0.5949832775919732,0.3134249471458774,0.4797734627831715,0.37915601023017903
y2021_m02_w20_lag2y,2021,2,20,2,2,28922,balanced_logistic,0.45603846456074054,0.5127176910829684,0.677338003278274,0.31009615384615385,0.5425867507886435,0.39464627151051623,0.7472103004291846,0.4840144564915207,0.5874810190652944,0.32625698324022345,0.47249190938511326,0.38598810310641113
y2021_m02_w20_lag2y,2021,2,20,2,3,28922,balanced_logistic,0.4723924636770364,0.5305168451178621,0.6758457191655921,0.3311432325886991,0.5299684542586751,0.40760210270926,0.752157829839704,0.5087572977481234,0.6069651741293532,0.3373428102788409,0.49919093851132684,0.4026101141924959
y2021_m02_w20_lag2y,2021,2,20,2,4,28922,balanced_logistic,0.4603998204454041,0.5164628177402795,0.6830578050505302,0.32091868404717566,0.5436382754994742,0.40359094457455114,0.7562879444926279,0.48484848484848486,0.5908859901744875,0.32137118371719336,0.4854368932038835,0.3867225265871737
y2021_m02_w30_lag2y,2021,2,30,2,0,28599,balanced_logistic,0.48190533380777145,0.5480937636591222,0.6925612449141024,0.2146643109540636,0.5704225352112676,0.3119383825417201,0.6163179916317991,0.5329232995658466,0.5715948777648429,0.6046405823475887,0.525296442687747,0.5621827411167513
y2021_m02_w30_lag2y,2021,2,30,2,1,28599,balanced_logistic,0.4746209772430072,0.5437190017010579,0.6902950464319041,0.20202874049027894,0.5610328638497653,0.2970789310130516,0.6221934369602763,0.5213458755426917,0.5673228346456692,0.5983791085096803,0.525296442687747,0.5594611660703009
y2021_m02_w30_lag2y,2021,2,30,2,2,28599,balanced_logistic,0.4737717583341919,0.5467820147329963,0.6836745186078576,0.19670710571923744,0.5328638497652582,0.2873417721518987,0.6245337753833402,0.5452243125904487,0.5821904577940893,0.6000928936367859,0.5106719367588933,0.5517830450565877
y2021_m02_w30_lag2y,2021,2,30,2,3,28599,balanced_logistic,0.4632068419273625,0.5312522321063227,0.6806582492494577,0.19807186678352323,0.5305164319248826,0.28844926611359284,0.5979123173277662,0.5182772348896127,0.5552539744086855,0.5892857142857143,0.5084946661398657,0.5459172852598091
y2021_m02_w30_lag2y,2021,2,30,2,4,28599,balanced_logistic,0.4649679781923208,0.535830847541876,0.6867825501587643,0.1919191919191919,0.5364705882352941,0.28270303781773093,0.615856329391152,0.5088671733622874,0.557273087594134,0.5898576512455516,0.5239035954168313,0.5549278091650973
y2021_m03_w04_lag1y,2021,3,4,1,0,34105,balanced_logistic,0.4249916951316459,0.5346863853164686,0.6722873391299053,0.3442028985507246,0.20288307528029897,0.25529056096741687,0.7437770562770563,0.648196180146192,0.6927050522867583,0.22068283028203858,0.6308345120226309,0.32697947214076245
y2021_m03_w04_lag1y,2021,3,4,1,1,34105,balanced_logistic,0.42130413725294397,0.5296783760903424,0.6621354481790477,0.3324958123953099,0.21207264957264957,0.25896934116112197,0.7361413043478261,0.6386138613861386,0.6839182024741227,0.21879815100154082,0.6025459688826026,0.32102486812358705
y2021_m03_w04_lag1y,2021,3,4,1,2,34105,balanced_logistic,0.4195727215799323,0.527377494869438,0.6670855463834634,0.3564614050303556,0.21955128205128205,0.27173553719008264,0.7323440505633416,0.6282413955681282,0.6763101129298312,0.20946278955150321,0.6011315417256011,0.31067251461988304
y2021_m03_w04_lag1y,2021,3,4,1,3,34105,balanced_logistic,0.42796923886544125,0.5388435040707107,0.6717856981614068,0.3672787979966611,0.23504273504273504,0.28664495114006516,0.7451949478308622,0.6397925506836398,0.6884830035514967,0.20949015648662292,0.5869872701555869,0.3087797619047619
y2021_m03_w04_lag1y,2021,3,4,1,4,34105,balanced_logistic,0.41667209111226544,0.5228756369134253,0.6672837879746943,0.32096635030198445,0.1987179487179487,0.24546354338502144,0.7357241379310345,0.6287128712871287,0.6780221177068768,0.21993127147766323,0.6336633663366337,0.32653061224489793
y2021_m03_w08_lag1y,2021,3,8,1,0,33844,balanced_logistic,0.4535957556243493,0.5365755067721872,0.6771497942533328,0.6952495974235104,0.47945585785674627,0.5675320407492606,0.5692929292929293,0.5170642201834862,0.541923076923077,0.156353591160221,0.6402714932126696,0.25133214920071045
y2021_m03_w08_lag1y,2021,3,8,1,1,33844,balanced_logistic,0.4385790407552593,0.5188291984053933,0.6704439862401439,0.6871900826446281,0.46155981126838747,0.5522165034036195,0.5416832867969685,0.4985315712187959,0.5192123876887784,0.15146579804560262,0.6312217194570136,0.24430823117338005
y2021_m03_w08_lag1y,2021,3,8,1,2,33844,balanced_logistic,0.44304787335668466,0.5273221025405842,0.6644499325471965,0.6978653530377669,0.4719600222098834,0.5631003643590593,0.54375,0.5110132158590308,0.5268735806207419,0.14946418499717992,0.5981941309255079,0.23916967509025272
y2021_m03_w08_lag1y,2021,3,8,1,3,33844,balanced_logistic,0.43723947564881227,0.5251073344298105,0.6619318494594149,0.6969946480032936,0.4700166574125486,0.5614325982424142,0.5464978235061337,0.5069750367107195,0.5259950485621786,0.1395477109762824,0.5711060948081265,0.22429078014184398
y2021_m03_w08_lag1y,2021,3,8,1,4,33844,balanced_logistic,0.43853009293909917,0.5240773371399604,0.6678281674110917,0.7000417188151856,0.46585230427540253,0.5594265710951826,0.5518218623481781,0.500367107195301,0.5248363496341933,0.14255654918463967,0.6131221719457014,0.23132735808792146
y2021_m03_w12_lag1y,2021,3,12,1,0,33318,balanced_logistic,0.44091721720465227,0.5263271329948097,0.673308335916909,0.703150912106136,0.46760408050730634,0.5616823977479716,0.5430680885972108,0.5068912710566615,0.5243564356435644,0.14608599779492834,0.6235294117647059,0.2367128182224207
y2021_m03_w12_lag1y,2021,3,12,1,1,33318,balanced_logistic,0.44893190777339037,0.5344438950978877,0.6806889859430032,0.7103734439834025,0.47201543975737525,0.5671691237369555,0.5530703538023587,0.5206738131699847,0.5363833563399724,0.15041782729805014,0.6352941176470588,0.24324324324324326
y2021_m03_w12_lag1y,2021,3,12,1,2,33318,balanced_logistic,0.4449640557462695,0.5298685261475891,0.6705299778192805,0.6995133819951338,0.47573083287369,0.5663164806303349,0.5366242038216561,0.5160796324655437,0.5261514441842311,0.15183867141162516,0.6009389671361502,0.24242424242424243
y2021_m03_w12_lag1y,2021,3,12,1,3,33318,balanced_logistic,0.4451383239421585,0.5323972744828145,0.6703201995391647,0.7145757206658546,0.48524951750758205,0.5779967159277504,0.533469387755102,0.5005744925315971,0.5164987156688402,0.14971428571428572,0.6164705882352941,0.24091954022988507
y2021_m03_w12_lag1y,2021,3,12,1,4,33318,balanced_logistic,0.45318705915144947,0.5449675508562618,0.6711970629063134,0.7208551835417507,0.4926936862420733,0.5853259089420242,0.5536290322580645,0.5258521639218691,0.5393832252995482,0.1467136150234742,0.5882352941176471,0.23485204321277595
y2021_m03_w16_lag1y,2021,3,16,1,0,33366,balanced_logistic,0.46582109174798697,0.5351611942905493,0.6917733878234621,0.6577901430842608,0.5158977556109726,0.5782669461914745,0.5930717863105175,0.48415672913117547,0.533108234852748,0.18615209988649262,0.6177024482109228,0.28608809419973835
y2021_m03_w16_lag1y,2021,3,16,1,1,33366,balanced_logistic,0.4637226367095626,0.5405079659534235,0.6775264341495695,0.6668016194331984,0.5135640785781104,0.5802360401620574,0.59709911361805,0.5049403747870528,0.5471663282259553,0.1725740848343986,0.559322033898305,0.26376554174067496
y2021_m03_w16_lag1y,2021,3,16,1,2,33366,balanced_logistic,0.460244474534276,0.5307726912686644,0.6775883959844465,0.6613300492610837,0.5023386342376053,0.5709728867623605,0.5911923556294142,0.4848381601362862,0.5327592661924373,0.17868852459016393,0.615819209039548,0.2770012706480305
y2021_m03_w16_lag1y,2021,3,16,1,3,33366,balanced_logistic,0.4686190679374452,0.5380335489405683,0.6879835244952114,0.6551859099804306,0.5219831618334893,0.581048247136411,0.6070659198621284,0.48006814310051105,0.5361491628614916,0.18697829716193656,0.632768361581921,0.28865979381443296
y2021_m03_w16_lag1y,2021,3,16,1,4,33366,balanced_logistic,0.4710083087413781,0.5450490183338755,0.6863897713981563,0.6590112884390813,0.5277431421446384,0.5861173619525706,0.6081361560813615,0.4993183367416496,0.5483810593299644,0.18289085545722714,0.583804143126177,0.2785265049415993
y2021_m03_w20_lag1y,2021,3,20,1,0,33622,balanced_logistic,0.46492134883756736,0.5151220403891255,0.6713227037705853,0.5855379188712522,0.4714235001774938,0.5223205506391347,0.6129770992366412,0.49844816883923027,0.5498117083190688,0.2215568862275449,0.5932944606413995,0.3226317875544986
y2021_m03_w20_lag1y,2021,3,20,1,1,33622,balanced_logistic,0.4752892234394061,0.526169178203796,0.6835002390043576,0.594414339308045,0.5063920454545454,0.5468839884947267,0.6209992193598751,0.4937926753569212,0.5501383125864454,0.22845804988662133,0.586608442503639,0.3288453692370461
y2021_m03_w20_lag1y,2021,3,20,1,2,33622,balanced_logistic,0.46535533475689156,0.5129891806860839,0.6826313462687102,0.5803108808290155,0.4772727272727273,0.5237724084177708,0.6058170685036357,0.49130974549968964,0.5425878320479863,0.22785515320334263,0.5962099125364432,0.3297057638049174
y2021_m03_w20_lag1y,2021,3,20,1,3,33622,balanced_logistic,0.45559162307079415,0.5045807166227934,0.6676493513319195,0.5647466435686445,0.4630681818181818,0.5088780487804878,0.6073500967117988,0.4872749844816884,0.5407267091441363,0.2180327868852459,0.5816326530612245,0.31717011128775835
y2021_m03_w20_lag1y,2021,3,20,1,4,33622,balanced_logistic,0.4700070573068835,0.5172778076151693,0.6825159647793693,0.5871440897325281,0.4833096590909091,0.5301908843007401,0.6167124362495097,0.48789571694599626,0.5447929301680818,0.2294022617124394,0.6209912536443148,0.33503735745182855
y2021_m03_w30_lag1y,2021,3,30,1,0,33278,balanced_logistic,0.43084576111941414,0.5003023961224475,0.6406613661833124,0.3807138384470883,0.33480176211453744,0.3562847934368591,0.6966996699669967,0.5436518156064898,0.610733400838999,0.23952686052242483,0.5078369905956113,0.32551908908238447
y2021_m03_w30_lag1y,2021,3,30,1,1,33278,balanced_logistic,0.4297732029130252,0.5018276209540908,0.6426862828700025,0.36858190709046457,0.33204845814977973,0.34936268829663963,0.6990228013029316,0.5526654648467679,0.6172875017977851,0.24051282051282052,0.49007314524555906,0.3226694186446508
y2021_m03_w30_lag1y,2021,3,30,1,2,33278,balanced_logistic,0.42816826874286606,0.497484948550337,0.6414714406084687,0.36114285714285715,0.34801762114537443,0.3544587773415592,0.7028764805414551,0.5348956992016483,0.6074875694647558,0.24038954382368016,0.49007314524555906,0.32255845942228334
y2021_m03_w30_lag1y,2021,3,30,1,3,33278,balanced_logistic,0.43875177199711685,0.5072014902107433,0.6477590734241493,0.37636363636363634,0.34177215189873417,0.35823478511681567,0.7072685031530036,0.5489438433797011,0.6181290790427846,0.25150602409638556,0.5240585774058577,0.33989145183175035
y2021_m03_w30_lag1y,2021,3,30,1,4,33278,balanced_logistic,0.4389077355842801,0.5067371871071098,0.651809596398133,0.3717429067747539,0.3535242290748899,0.3624047417442845,0.7171232876712329,0.5394126738794436,0.6157012643340194,0.25,0.5245559038662487,0.33861720067453627
y2021_m03_w04_lag2y,2021,3,4,2,0,29881,balanced_logistic,0.4230659847351559,0.5765592847144644,0.676035829762128,0.23809523809523808,0.19313304721030042,0.2132701421800948,0.8004750593824228,0.6585246702491451,0.7225944786920396,0.23858173076923078,0.552924791086351,0.3333333333333333
y2021_m03_w04_lag2y,2021,3,4,2,1,29881,balanced_logistic,0.42121542567720266,0.5752741789250007,0.6782897252026124,0.25106837606837606,0.2017167381974249,0.2237029985721085,0.8,0.6546165119687347,0.7200429876410532,0.22781065088757396,0.5369595536959554,0.3199002908184462
y2021_m03_w04_lag2y,2021,3,4,2,2,29881,balanced_logistic,0.42524930427971014,0.5829863100035653,0.6789348329956973,0.2646755921730175,0.2206008583690987,0.2406367041198502,0.8036502796585222,0.666829506595017,0.7288746495794954,0.22139303482587064,0.496513249651325,0.3062365591397849
y2021_m03_w04_lag2y,2021,3,4,2,3,29881,balanced_logistic,0.4167111022087848,0.570210698344729,0.6759070009045743,0.21557454890788225,0.19484978540772532,0.20468890892696123,0.7962962962962963,0.6511968734733756,0.7164740661112604,0.23936507936507936,0.5258019525801952,0.32897033158813266
y2021_m03_w04_lag2y,2021,3,4,2,4,29881,balanced_logistic,0.4017441467144514,0.5568462028153508,0.6643653611216312,0.22172949002217296,0.17167381974248927,0.1935171746492501,0.7915776624961856,0.633610161211529,0.7038393705060372,0.21535893155258765,0.5397489539748954,0.30787589498806683
y2021_m03_w08_lag2y,2021,3,8,2,0,29533,balanced_logistic,0.448263123925335,0.6019503405618107,0.7033876814498147,0.25845229151014276,0.38695163104611924,0.3099099099099099,0.8161984459055589,0.6713372664700098,0.7367143242514163,0.26422764227642276,0.34210526315789475,0.2981651376146789
y2021_m03_w08_lag2y,2021,3,8,2,1,29533,balanced_logistic,0.43340595056934744,0.5898369764381973,0.688839290546659,0.23972602739726026,0.3543307086614173,0.28597367226509307,0.8121396054628225,0.6578171091445427,0.7268776314002444,0.24884437596302003,0.34,0.2873665480427046
y2021_m03_w08_lag2y,2021,3,8,2,2,29533,balanced_logistic,0.4316081761577986,0.5826196228868143,0.6866849696071822,0.24061302681992336,0.3532058492688414,0.2862351868732908,0.8066110596231079,0.6418387413962635,0.7148528405201916,0.2490842490842491,0.35789473684210527,0.2937365010799136
y2021_m03_w08_lag2y,2021,3,8,2,3,29533,balanced_logistic,0.44092933381507454,0.5853093747107978,0.690431348221254,0.2612546125461255,0.3982002249718785,0.3155080213903743,0.8097774992165465,0.6353577575608557,0.7120418848167539,0.25073529411764706,0.3589473684210526,0.29523809523809524
y2021_m03_w08_lag2y,2021,3,8,2,4,29533,balanced_logistic,0.45838020143768016,0.6075610369220666,0.7085705839605225,0.2723935389133627,0.41732283464566927,0.32963127498889383,0.8218806509945751,0.670518809933612,0.7385240352064997,0.2724306688417618,0.35157894736842105,0.3069852941176471
y2021_m03_w12_lag2y,2021,3,12,2,0,28953,balanced_logistic,0.4522149005314989,0.5596166944628665,0.6825905745498734,0.2709053213545266,0.48098159509202454,0.34659593280282935,0.7764102564102564,0.6011116993118052,0.6776070416231538,0.30655391120507397,0.3631051752921536,0.33244172716851356
y2021_m03_w12_lag2y,2021,3,12,2,1,28953,balanced_logistic,0.4404419671211284,0.5507547590487243,0.6678874723012593,0.2593423019431988,0.42576687116564416,0.3223409196470042,0.7605775688381464,0.5995235574377977,0.6705150976909414,0.2976271186440678,0.3664440734557596,0.3284698840254396
y2021_m03_w12_lag2y,2021,3,12,2,2,28953,balanced_logistic,0.44843363188640656,0.5558588099930887,0.6706621679287444,0.26180555555555557,0.4625766871165644,0.3343680709534368,0.7690735694822888,0.5976707252514558,0.6726243669943401,0.31236749116607776,0.36894824707846413,0.3383084577114428
y2021_m03_w12_lag2y,2021,3,12,2,3,28953,balanced_logistic,0.4258314392900971,0.5375735965383326,0.6551127546898328,0.2358490566037736,0.4294478527607362,0.3044802087864289,0.7627177700348432,0.5794070937003706,0.6585439229843562,0.2883008356545961,0.3458646616541353,0.3144701860995063
y2021_m03_w12_lag2y,2021,3,12,2,4,28953,balanced_logistic,0.4411848314745945,0.5521491913221875,0.6727532077042827,0.25227750525578135,0.44226044226044225,0.321285140562249,0.7696245733788396,0.5967187086530829,0.6722313310478462,0.30286113049546404,0.36257309941520466,0.3300380228136882
y2021_m03_w16_lag2y,2021,3,16,2,0,28923,balanced_logistic,0.4567138675210753,0.5360561882449353,0.6672424880311221,0.27501749475157455,0.4792682926829268,0.34948866162738995,0.7228490832157969,0.5789325049421068,0.6429355496314881,0.36578947368421055,0.3904494382022472,0.37771739130434784
y2021_m03_w16_lag2y,2021,3,16,2,1,28923,balanced_logistic,0.4565791778680273,0.5353233536103981,0.6622589513097762,0.26912181303116145,0.463980463980464,0.340654415060511,0.7244715155858116,0.5710251341428975,0.638660770688566,0.37104930467762326,0.41192982456140353,0.390422347855005
y2021_m03_w16_lag2y,2021,3,16,2,2,28923,balanced_logistic,0.4591431284352092,0.5386054725071886,0.6709588095716126,0.2753120665742025,0.48473748473748474,0.35117204776647504,0.7292778370686588,0.5789325049421068,0.6454659949622166,0.3674934725848564,0.3950877192982456,0.3807913425769361
y2021_m03_w16_lag2y,2021,3,16,2,3,28923,balanced_logistic,0.4544357156490795,0.5296384612552477,0.6690001662878787,0.28256374913852517,0.5006105006105006,0.36123348017621143,0.7272061515928231,0.5610169491525424,0.6333918035401053,0.34831460674157305,0.391578947368421,0.3686818632309217
y2021_m03_w16_lag2y,2021,3,16,2,4,28923,balanced_logistic,0.4508890870678898,0.5282037318562929,0.6659094812246489,0.27535211267605636,0.47741147741147744,0.34926306386779815,0.7174535050071531,0.5666666666666667,0.6332070707070707,0.35331632653061223,0.3887719298245614,0.37019712662880055
y2021_m03_w20_lag2y,2021,3,20,2,0,29043,balanced_logistic,0.47123464496571305,0.5430431900309289,0.6829569892184435,0.2652482269503546,0.5275035260930888,0.3529966965549788,0.7317436661698957,0.5565315953527912,0.6322227587316916,0.41049562682215746,0.4481222151495863,0.42848447961046865
y2021_m03_w20_lag2y,2021,3,20,2,1,29043,balanced_logistic,0.4699780983735491,0.5459816749833863,0.6851092858330924,0.25108538350217074,0.4894217207334274,0.3318986131037781,0.7286081527726772,0.5621989232077076,0.6346769033909149,0.426056338028169,0.4621260343730108,0.4433587786259542
y2021_m03_w20_lag2y,2021,3,20,2,2,29043,balanced_logistic,0.47351853539156624,0.5497896495395855,0.6802234135687892,0.2621359223300971,0.49506346967559944,0.3427734375,0.7375964718853363,0.5687163502408614,0.64224,0.41337907375643224,0.46021642266072565,0.4355421686746988
y2021_m03_w20_lag2y,2021,3,20,2,3,29043,balanced_logistic,0.4733765693806058,0.5520543622770917,0.68253078373675,0.2599118942731278,0.4992947813822285,0.3418638338966683,0.7398403483309144,0.5779478458049887,0.6489497135582432,0.41420118343195267,0.44557606619987267,0.42931616068690587
y2021_m03_w20_lag2y,2021,3,20,2,4,29043,balanced_logistic,0.4673887098376383,0.54277051946712,0.6800649721150256,0.27209838585703305,0.5,0.35241413638626184,0.727896066402021,0.5715500141683196,0.6403174603174603,0.38997695852534564,0.43093570973901973,0.4094345328091926
y2021_m04_w04_lag1y,2021,4,4,1,0,34083,balanced_logistic,0.4506307634213276,0.5618992955085654,0.688678191808005,0.3926940639269406,0.3786461199779857,0.3855421686746988,0.7709251101321586,0.6094729510099838,0.6807572614107884,0.20240963855421687,0.48484848484848486,0.28559286017849556
y2021_m04_w04_lag1y,2021,4,4,1,1,34083,balanced_logistic,0.4523026078672805,0.5622728465193896,0.6896946255505112,0.4070321811680572,0.375894331315355,0.39084406294706725,0.7754249925439904,0.6036684467146506,0.6788511749347258,0.19932810750279956,0.5137085137085137,0.28721258572004843
y2021_m04_w04_lag1y,2021,4,4,1,2,34083,balanced_logistic,0.4488175583398159,0.5609417611361938,0.6941289757722752,0.3925549915397631,0.3830489818381948,0.38774373259052924,0.7777777777777778,0.6029719061992106,0.6793094428459325,0.19648093841642228,0.4834054834054834,0.2793994995829858
y2021_m04_w04_lag1y,2021,4,4,1,3,34083,balanced_logistic,0.4481268936565037,0.5599148904466765,0.6834883143283337,0.3833624200116347,0.36268574573472756,0.372737556561086,0.7651471436814772,0.6157418156489436,0.6823620223851795,0.20600858369098712,0.48554913294797686,0.2892811020232458
y2021_m04_w04_lag1y,2021,4,4,1,4,34083,balanced_logistic,0.4498019585482998,0.5598806048601918,0.6912513704468178,0.3935810810810811,0.3849118942731278,0.38919821826280626,0.7818403412553321,0.5957743208729974,0.6762419291079194,0.19795221843003413,0.5021645021645021,0.2839657282741738
y2021_m04_w08_lag1y,2021,4,8,1,0,33921,balanced_logistic,0.44251124453364005,0.5363548940024498,0.6763425296621719,0.43717124488603154,0.35978835978835977,0.39472295514511874,0.7313985798085829,0.583929011584915,0.6493969298245614,0.19182561307901907,0.5423728813559322,0.2834138486312399
y2021_m04_w08_lag1y,2021,4,8,1,1,33921,balanced_logistic,0.45473795303111886,0.5479106184044268,0.6801936170807651,0.43512304250559286,0.37421837421837423,0.40237910524954745,0.7386949924127466,0.5999507024895243,0.6621327529923831,0.2069370958259847,0.5432098765432098,0.2997020008514261
y2021_m04_w08_lag1y,2021,4,8,1,2,33921,balanced_logistic,0.4403556918304889,0.5348563967936881,0.6662924388948394,0.42873432155074115,0.36153846153846153,0.3922796035472092,0.7255260750228728,0.5865384615384616,0.6486707566462168,0.19189034837235866,0.5185185185185185,0.28011671529804083
y2021_m04_w08_lag1y,2021,4,8,1,3,33921,balanced_logistic,0.44099318060297515,0.5340235804982136,0.6812179678237001,0.4189424753050552,0.3466346153846154,0.37937384898710863,0.7383847832865607,0.5838264299802761,0.6520721464959384,0.1966594827586207,0.5632716049382716,0.2915335463258786
y2021_m04_w08_lag1y,2021,4,8,1,4,33921,balanced_logistic,0.4390416650687767,0.53323558735151,0.6717015048807046,0.42598870056497173,0.3625,0.3916883116883117,0.7334167709637046,0.5779092702169625,0.646442360728075,0.18921892189218922,0.5308641975308642,0.27899432278994324
y2021_m04_w12_lag1y,2021,4,12,1,0,33924,balanced_logistic,0.46973775054149874,0.5454560605422599,0.6825017124951877,0.3901795142555438,0.42766203703703703,0.4080618442849255,0.7549432739059968,0.5668045753224629,0.6474840144564915,0.26965669988925806,0.5137130801687764,0.35366739288307913
y2021_m04_w12_lag1y,2021,4,12,1,1,33924,balanced_logistic,0.46468358485649724,0.5417927529746388,0.679083856521869,0.38585746102449886,0.4008097165991903,0.3931914893617021,0.7376437674852346,0.5776533592989289,0.6479180887372014,0.2708803611738149,0.5063291139240507,0.35294117647058826
y2021_m04_w12_lag1y,2021,4,12,1,2,33924,balanced_logistic,0.47731275599123973,0.5550493821424297,0.6871706021466705,0.40932914046121593,0.4517061885482938,0.42947484190266705,0.7524409448818897,0.5815481986368062,0.6560483317314294,0.2696827262044653,0.48417721518987344,0.34641509433962264
y2021_m04_w12_lag1y,2021,4,12,1,3,33924,balanced_logistic,0.46331011430066454,0.5433536815403229,0.6780438432642905,0.3913978494623656,0.42105263157894735,0.40568403455001395,0.7419455739756021,0.5774099318403116,0.6494182067077344,0.25925925925925924,0.47257383966244726,0.33482810164424515
y2021_m04_w12_lag1y,2021,4,12,1,4,33924,balanced_logistic,0.46988485161671445,0.5449710218032107,0.6877786936433035,0.3954230973922299,0.42997685185185186,0.4119767119489881,0.751131221719457,0.5657254138266796,0.645376284365454,0.26836002208724463,0.5126582278481012,0.35230155853570133
y2021_m04_w16_lag1y,2021,4,16,1,0,33724,balanced_logistic,0.46384480104471854,0.5338651278411859,0.66683698597208,0.3344867358708189,0.38926174496644295,0.3598014888337469,0.7245789145352464,0.5780044787260512,0.6430449826989619,0.32742382271468146,0.47815533980582525,0.3886879316014469
y2021_m04_w16_lag1y,2021,4,16,1,1,33724,balanced_logistic,0.47125463645003246,0.5381320129449305,0.6753753702263193,0.3463035019455253,0.4181208053691275,0.3788385527515962,0.7256748273697426,0.5754106520657043,0.6418656302054414,0.3346590909090909,0.4761519805982215,0.39305972639305975
y2021_m04_w16_lag1y,2021,4,16,1,2,33724,balanced_logistic,0.46654476117058064,0.5327121097616968,0.6707463373185633,0.34017595307917886,0.38926174496644295,0.36306729264475746,0.7269820971867008,0.5659532105525137,0.6364399664147775,0.3294979079497908,0.5092966855295069,0.40012702445220705
y2021_m04_w16_lag1y,2021,4,16,1,3,33724,balanced_logistic,0.457930104417722,0.526610617357638,0.6680293583490547,0.3406848520023215,0.3939597315436242,0.36539060068471835,0.7273021001615508,0.5602289696366352,0.6329256291297624,0.30825116761805915,0.4801940177849636,0.3754740834386852
y2021_m04_w16_lag1y,2021,4,16,1,4,33724,balanced_logistic,0.471656009489646,0.5385697306756593,0.6727185659766066,0.3519163763066202,0.40671140939597317,0.37733499377334995,0.7349358974358975,0.570681931309109,0.6424768842813113,0.32597266035751843,0.5016181229773463,0.3951561504142766
y2021_m04_w20_lag1y,2021,4,20,1,0,33787,balanced_logistic,0.4768872080120102,0.5566306879748087,0.684966858068622,0.26528040327662256,0.43899895724713245,0.3307148468185389,0.7369380315917375,0.5976841586597684,0.6600462522105836,0.4236295902075572,0.4574712643678161,0.43990052500690796
y2021_m04_w20_lag1y,2021,4,20,1,1,33787,balanced_logistic,0.473528057293587,0.5485150601681335,0.6713194541513623,0.2691823899371069,0.44629822732012514,0.33581796783052176,0.730553827006845,0.5784676028578467,0.6456757871579816,0.4150460593654043,0.46609195402298853,0.4390904168922577
y2021_m04_w20_lag1y,2021,4,20,1,2,33787,balanced_logistic,0.46478941268102875,0.5458675227448264,0.6740674414663369,0.2561514195583596,0.42379958246346555,0.31930790405033427,0.7280461865694318,0.5902931756590293,0.6519727891156463,0.4072301967038809,0.44022988505747124,0.42308754487710576
y2021_m04_w20_lag1y,2021,4,20,1,3,33787,balanced_logistic,0.46410648158170537,0.5433949093220494,0.6709228715848906,0.24714371617558628,0.4290187891440501,0.31362075543685614,0.7331866750471402,0.5746305418719212,0.644297155481911,0.4147489539748954,0.45600920069005174,0.43440153382634894
y2021_m04_w20_lag1y,2021,4,20,1,4,33787,balanced_logistic,0.46233605853643267,0.5407600820289897,0.674223467624197,0.24150058616647127,0.430062630480167,0.30930930930930933,0.7331845712464138,0.5665024630541872,0.6391552035570377,0.41849529780564265,0.4606095457159287,0.438543662742951
y2021_m04_w30_lag1y,2021,4,30,1,0,33585,balanced_logistic,0.4249545882359502,0.541977686934424,0.6430285451226357,0.231748158070998,0.3657505285412262,0.28372283722837227,0.7417200111327581,0.6150473113316409,0.6724703507443855,0.2998160637645616,0.34005563282336576,0.31867057673509286
y2021_m04_w30_lag1y,2021,4,30,1,1,33585,balanced_logistic,0.433943440418002,0.5526756516271654,0.6539828690915804,0.232527759634226,0.3759239704329461,0.28732849071832123,0.7607223476297968,0.6222017078236788,0.6845245651897931,0.3093788063337393,0.3535142658315936,0.3299772653458915
y2021_m04_w30_lag1y,2021,4,30,1,2,33585,balanced_logistic,0.43366907336019606,0.5499253071064127,0.6517370321427661,0.23793103448275862,0.36430834213305174,0.2878598247809762,0.7510501260151218,0.618970690053081,0.6786437246963563,0.3089622641509434,0.36464857341684065,0.33450367060325564
y2021_m04_w30_lag1y,2021,4,30,1,3,33585,balanced_logistic,0.4225836861756093,0.5393047459479476,0.6401102358045434,0.22029372496662217,0.3484688489968321,0.26993865030674846,0.7404386951631046,0.6078024007386889,0.6675963488843814,0.3078773301262778,0.3560500695410292,0.33021605933569814
y2021_m04_w30_lag1y,2021,4,30,1,4,33585,balanced_logistic,0.43401218415924453,0.548804593913984,0.6463142292908984,0.23501033769813923,0.3600844772967265,0.28440366972477066,0.751984126984127,0.6124192059095106,0.6750636132315522,0.3130034522439586,0.37830319888734354,0.3425692695214106
y2021_m04_w04_lag2y,2021,4,4,2,0,29653,balanced_logistic,0.44139675174142207,0.6095078082359437,0.7056924086208646,0.24031620553359684,0.32793959007551243,0.2773722627737226,0.8274751025190392,0.6781084973595776,0.7453825857519789,0.2515974440894569,0.37589498806682575,0.3014354066985646
y2021_m04_w04_lag2y,2021,4,4,2,1,29653,balanced_logistic,0.4329383956413828,0.5975170786895615,0.6961149469851832,0.23000761614623,0.325782092772384,0.26964285714285713,0.8266141254925735,0.6545847335573691,0.730609511051574,0.2441243366186505,0.38424821002386633,0.2985628187297172
y2021_m04_w04_lag2y,2021,4,4,2,2,29653,balanced_logistic,0.433480798207544,0.5989229671358633,0.6966614442105351,0.2347266881028939,0.3149946062567422,0.2690004606172271,0.8248723340342445,0.6593037214885954,0.7328529490258874,0.24153166421207659,0.3909415971394517,0.2985889849795175
y2021_m04_w04_lag2y,2021,4,4,2,3,29653,balanced_logistic,0.43419581651242867,0.6024212861654665,0.707430544238413,0.23603461841070023,0.32397408207343414,0.27309968138370505,0.8293923974857828,0.6653061224489796,0.7383426592059685,0.23823975720789076,0.3742550655542312,0.2911451089476124
y2021_m04_w04_lag2y,2021,4,4,2,4,29653,balanced_logistic,0.44814187085452,0.608529170351657,0.7060378382109689,0.25547996976568405,0.36461704422869473,0.30044444444444446,0.8299340131973605,0.6643457382953182,0.7379650620082677,0.2537313432835821,0.3854415274463007,0.30601610611084795
y2021_m04_w08_lag2y,2021,4,8,2,0,29372,balanced_logistic,0.4270558993534655,0.551488091889807,0.6629261843209383,0.2496757457846952,0.42400881057268724,0.3142857142857143,0.7693053311793215,0.6176394293125811,0.6851798561151079,0.26736672051696286,0.2976618705035971,0.2817021276595745
y2021_m04_w08_lag2y,2021,4,8,2,1,29372,balanced_logistic,0.4157048266907366,0.5453600358724675,0.657163485443246,0.24608641202254228,0.43281938325991187,0.3137724550898204,0.7733637251709541,0.6160830090791181,0.6858215420155934,0.23777961888980945,0.2580935251798561,0.24752048296679605
y2021_m04_w08_lag2y,2021,4,8,2,2,29372,balanced_logistic,0.4120571873869461,0.5372278222618817,0.6558875333470212,0.23086124401913877,0.4251101321585903,0.2992248062015504,0.7549368727743606,0.6049286640726329,0.6716589861751152,0.26504941599281223,0.26552655265526554,0.2652877697841727
y2021_m04_w08_lag2y,2021,4,8,2,3,29372,balanced_logistic,0.43266345126357725,0.561379096840033,0.6716794738323287,0.2539481996209728,0.4432194046306505,0.3228915662650602,0.7775665399239544,0.6364107883817427,0.6999429549343982,0.27224669603524226,0.2781278127812781,0.27515583259127335
y2021_m04_w08_lag2y,2021,4,8,2,4,29372,balanced_logistic,0.4399776269748979,0.5635295350481423,0.6734399828695411,0.2619198982835346,0.45424476295479604,0.33225806451612905,0.7731012658227848,0.6337224383916991,0.6965074839629366,0.287467134092901,0.2949640287769784,0.29116733244562804
y2021_m04_w12_lag2y,2021,4,12,2,0,29290,balanced_logistic,0.43798163124636197,0.53308413634894,0.6509392928722237,0.2474025974025974,0.44046242774566474,0.31683991683991686,0.7400346620450606,0.5801630434782609,0.6504188880426505,0.33217027215631545,0.3625285605483625,0.3466860888565186
y2021_m04_w12_lag2y,2021,4,12,2,1,29290,balanced_logistic,0.45300195422493017,0.5455501501279986,0.6657472528546099,0.27049754730203224,0.446242774566474,0.3368237347294939,0.7379912663755459,0.5970108695652174,0.6600570827700165,0.34456671251719395,0.38156892612338156,0.3621250451752801
y2021_m04_w12_lag2y,2021,4,12,2,2,29290,balanced_logistic,0.45329634852872425,0.5479914868950354,0.6708840730610369,0.2673130193905817,0.44675925925925924,0.3344887348353553,0.7487249234954098,0.5983695652173913,0.6651563207974626,0.3408010862186015,0.3820395738203957,0.3602439899533549
y2021_m04_w12_lag2y,2021,4,12,2,3,29290,balanced_logistic,0.44432329147248345,0.5397837523857378,0.6646540633553134,0.25314685314685315,0.41898148148148145,0.3156059285091543,0.7387755102040816,0.5902173913043478,0.6561933534743203,0.3400537634408602,0.3850837138508371,0.36117059243397576
y2021_m04_w12_lag2y,2021,4,12,2,4,29290,balanced_logistic,0.45157419759633016,0.5462439957944348,0.6662624462712352,0.26999266324284665,0.42592592592592593,0.33048944768747196,0.7469346049046321,0.5959239130434782,0.6629383313180169,0.33290570878768444,0.3949771689497717,0.3612948137835016
y2021_m04_w16_lag2y,2021,4,16,2,0,29086,balanced_logistic,0.4781556717440593,0.5586822341100848,0.6955536626296167,0.2557491289198606,0.4946091644204852,0.3371612310519063,0.7572062084257206,0.5734676742233418,0.652651696129957,0.4215861657722123,0.4703925482368596,0.4446540880503145
y2021_m04_w16_lag2y,2021,4,16,2,1,29086,balanced_logistic,0.47010545167489415,0.5496800266307967,0.6809606611421929,0.2558651026392962,0.4709851551956815,0.3315914489311164,0.7432035268185158,0.5661908760145536,0.6427323272438443,0.4072790294627383,0.469061876247505,0.4359925788497217
y2021_m04_w16_lag2y,2021,4,16,2,2,29086,balanced_logistic,0.46631773225286804,0.5486130104896797,0.6726225750864702,0.24210526315789474,0.46558704453441296,0.3185595567867036,0.7468541820873427,0.5647914917436329,0.6431872509960159,0.41301775147928993,0.4644045242847638,0.43720638897588476
y2021_m04_w16_lag2y,2021,4,16,2,3,29086,balanced_logistic,0.46618299428379345,0.5491168579327055,0.6768015653688045,0.24710982658959538,0.46153846153846156,0.32188235294117645,0.7421931735657226,0.572068289952421,0.6461198040145408,0.40798094103633115,0.45575515635395875,0.4305468258956631
y2021_m04_w16_lag2y,2021,4,16,2,4,29086,balanced_logistic,0.4699001128074641,0.5545875129199712,0.6783640787249334,0.25,0.45209176788124156,0.32196059586737147,0.7405175469691598,0.5846627483907081,0.653425086018142,0.4142512077294686,0.4564204923486361,0.4343146565368788
y2021_m04_w20_lag2y,2021,4,20,2,0,29109,balanced_logistic,0.4776131932291032,0.552497926975836,0.6862256896465317,0.23515625,0.5110356536502547,0.32209737827715357,0.7150278293135436,0.5692762186115214,0.6338815789473684,0.47698971304818627,0.47673160173160173,0.47686062246278754
y2021_m04_w20_lag2y,2021,4,20,2,1,29109,balanced_logistic,0.4797523023874084,0.5604254174490356,0.6937231796057076,0.22274881516587677,0.47959183673469385,0.3042071197411003,0.7207074428887251,0.5778434268833087,0.6414166256763404,0.49457111834962,0.4926987560843699,0.4936331617447846
y2021_m04_w20_lag2y,2021,4,20,2,2,29109,balanced_logistic,0.47510942489186636,0.556248827531246,0.6786881577837863,0.2232,0.4744897959183674,0.30359085963003263,0.7136659436008677,0.5831610044313146,0.6418468541700536,0.4856035437430786,0.4743104380746349,0.479890560875513
y2021_m04_w20_lag2y,2021,4,20,2,3,29109,balanced_logistic,0.47599269352644313,0.5562650966320358,0.6894357011038635,0.22941176470588234,0.4642857142857143,0.30708661417322836,0.7073691705233179,0.5870014771048745,0.6415886341620923,0.4827207899067471,0.4759329367225527,0.4793028322440087
y2021_m04_w20_lag2y,2021,4,20,2,4,29109,balanced_logistic,0.463985390748614,0.5474551603712383,0.6699654944773652,0.2087378640776699,0.4387755102040816,0.28289473684210525,0.7135416666666666,0.5667848699763594,0.6317523056653491,0.47127042698998417,0.48350459707950244,0.4773091297383876
y2021_m05_w04_lag1y,2021,5,4,1,0,34482,balanced_logistic,0.4501976300823445,0.5477473400836141,0.6855592715243977,0.3086622807017544,0.4024303073624017,0.34936394663357123,0.7675740352976369,0.5791017828932521,0.6601492153331618,0.27572254335260116,0.44704779756326146,0.3410797282803003
y2021_m05_w04_lag1y,2021,5,4,1,1,34482,balanced_logistic,0.470165303753983,0.5636814908513537,0.6966704555320451,0.32678270634475015,0.41630901287553645,0.36615287826360493,0.7818018557318168,0.5893501805054152,0.6720699858484498,0.2980281690140845,0.4957825679475164,0.37227304714989445
y2021_m05_w04_lag1y,2021,5,4,1,2,34482,balanced_logistic,0.4697377121754332,0.5696484615556714,0.7046388059946568,0.3288058856819468,0.4155937052932761,0.36714060031595575,0.7886992348440259,0.6046931407942239,0.6845466155810983,0.28885037550548814,0.46904315196998125,0.3575259206292456
y2021_m05_w04_lag1y,2021,5,4,1,3,34482,balanced_logistic,0.46013576092979297,0.5598767502217958,0.6895478417094693,0.32144846796657384,0.4127324749642346,0.361415596617601,0.7728200641586468,0.5979241877256317,0.6742144765297036,0.2822966507177033,0.4427767354596623,0.34477720964207453
y2021_m05_w04_lag1y,2021,5,4,1,4,34482,balanced_logistic,0.4595639463394341,0.5613337045340923,0.6938298605759036,0.3197643277986074,0.4270386266094421,0.36569678407350686,0.7814159292035399,0.5976985559566786,0.6773203784198415,0.2769981696156193,0.425891181988743,0.3356746765249538
y2021_m05_w08_lag1y,2021,5,8,1,0,34228,balanced_logistic,0.4536717615162506,0.5687016838411794,0.6855665719148316,0.2478235635519443,0.41903827281648676,0.31145149525893506,0.7678668848881615,0.6344376831192247,0.6948043934345304,0.3466026080988332,0.36330935251798563,0.35475939585528626
y2021_m05_w08_lag1y,2021,5,8,1,1,34228,balanced_logistic,0.4485884112779938,0.5689862872776563,0.6788248292053343,0.23421354764638347,0.4,0.2954380883417813,0.7737803216135186,0.6398467432950191,0.7004687885516901,0.34425087108013935,0.3556515478761699,0.34985835694050993
y2021_m05_w08_lag1y,2021,5,8,1,2,34228,balanced_logistic,0.43868067246755854,0.5599485887157,0.6750172445958077,0.22161835748792272,0.35980392156862745,0.2742899850523169,0.7754415475189235,0.623394185260311,0.6911544227886057,0.32532347504621073,0.3801295896328294,0.350597609561753
y2021_m05_w08_lag1y,2021,5,8,1,3,34228,balanced_logistic,0.4431889766779233,0.5595680946529599,0.6803961651040938,0.232981220657277,0.38959764474975467,0.2915901579140654,0.7623244285320848,0.6239855725879171,0.6862526341886699,0.33774834437086093,0.3669064748201439,0.35172413793103446
y2021_m05_w08_lag1y,2021,5,8,1,4,34228,balanced_logistic,0.4593509584035093,0.5758359520903151,0.685947376007939,0.2570605187319885,0.43768400392541706,0.32389251997095136,0.7790824685963954,0.6431469792605952,0.7046184243022968,0.3425414364640884,0.35683453237410073,0.34954193093727975
y2021_m05_w12_lag1y,2021,5,12,1,0,33972,balanced_logistic,0.45164738676291366,0.5358838784889092,0.6705442959656257,0.23311546840958605,0.44214876033057854,0.30527817403708984,0.731089842543995,0.5655600668736566,0.6377592243468893,0.40232558139534885,0.4219512195121951,0.4119047619047619
y2021_m05_w12_lag1y,2021,5,12,1,1,33972,balanced_logistic,0.46115274478021445,0.5461673098542111,0.6734174535347557,0.2513497300539892,0.4324045407636739,0.3179059180576631,0.7474402730375427,0.5753522808693575,0.6502024291497975,0.3863517060367454,0.44905430140329466,0.4153498871331828
y2021_m05_w12_lag1y,2021,5,12,1,2,33972,balanced_logistic,0.4550657392435517,0.5382687530806401,0.6758789275671191,0.24208772903942255,0.45041322314049587,0.3149151318165403,0.7432090966519267,0.5619775495581562,0.6400108799129607,0.3891625615763547,0.43380109823062846,0.4102712060011541
y2021_m05_w12_lag1y,2021,5,12,1,3,33972,balanced_logistic,0.47221062473650705,0.5550057261359316,0.6815142378561182,0.25766509433962265,0.45144628099173556,0.3280780780780781,0.7489244007375537,0.5820396465249582,0.6550194866281414,0.4094360086767896,0.46064673581452104,0.43353430950330174
y2021_m05_w12_lag1y,2021,5,12,1,4,33972,balanced_logistic,0.45807818028080033,0.5393866150774297,0.6790614038984719,0.25041006014215417,0.4731404958677686,0.327493743296389,0.7461880559085133,0.5610222116073561,0.6404907975460122,0.38635112823335166,0.4283099450884686,0.40625
y2021_m05_w16_lag1y,2021,5,16,1,0,33602,balanced_logistic,0.4628054312836518,0.5457888252404463,0.6784970924113631,0.19974473516273133,0.48377125193199383,0.2827461607949413,0.700759974667511,0.5803829006031995,0.6349160809066131,0.5020040080160321,0.4431667403803627,0.47075405214940097
y2021_m05_w16_lag1y,2021,5,16,1,1,33602,balanced_logistic,0.4670660796201605,0.549289603234704,0.6878331495748582,0.20241691842900303,0.517774343122102,0.29105125977410945,0.7091836734693877,0.5832677681615526,0.6400920995826738,0.5103626943005182,0.4356479433878815,0.4700548795036984
y2021_m05_w16_lag1y,2021,5,16,1,2,33602,balanced_logistic,0.4632245559444532,0.5435857017448633,0.6855333650419418,0.20072992700729927,0.5108359133126935,0.28820960698689957,0.7015166182639561,0.5700052438384898,0.6289599305656011,0.5063227111785533,0.4429203539823009,0.4725041302808591
y2021_m05_w16_lag1y,2021,5,16,1,3,33602,balanced_logistic,0.45933531784664966,0.5486723572489975,0.6799102782094731,0.1858297078931013,0.4628482972136223,0.26518847006651886,0.703416149068323,0.5938647089669639,0.6440147853284048,0.5145425700687467,0.43053097345132746,0.4688026981450253
y2021_m05_w16_lag1y,2021,5,16,1,4,33602,balanced_logistic,0.45957143469685796,0.5425567249771585,0.6787297395419588,0.19503105590062111,0.48606811145510836,0.2783687943262411,0.7003205128205128,0.5728893550078658,0.6302278627055091,0.5020100502512563,0.44203539823008847,0.47011764705882353
y2021_m05_w20_lag1y,2021,5,20,1,0,33780,balanced_logistic,0.4375208411633518,0.5246891227505174,0.6670256675344238,0.17459361830222758,0.5461393596986818,0.2645985401459854,0.6771273385636692,0.5976031957390147,0.6348847078794737,0.49298147108366086,0.3554655870445344,0.41307927546459655
y2021_m05_w20_lag1y,2021,5,20,1,1,33780,balanced_logistic,0.44341879850407917,0.5261730148190199,0.66929303402516,0.18573996405032953,0.5827067669172933,0.28169014084507044,0.6779661016949152,0.5966968566862014,0.6347407197506376,0.49355019629837354,0.3562753036437247,0.4138255349165295
y2021_m05_w20_lag1y,2021,5,20,1,2,33780,balanced_logistic,0.4315601429381138,0.5160935085972866,0.6592270268349969,0.17486338797814208,0.5413533834586466,0.2643414410279945,0.6650587880615013,0.5876398508257858,0.6239570074954037,0.48325892857142855,0.35060728744939273,0.40638198029094325
y2021_m05_w20_lag1y,2021,5,20,1,3,33780,balanced_logistic,0.4394428806408445,0.5205956039798317,0.6678210798673335,0.1859052247873633,0.575187969924812,0.2809917355371901,0.6731826511912035,0.5869507323568576,0.6271162327500356,0.4809368191721133,0.3576346699068449,0.4102206736353078
y2021_m05_w20_lag1y,2021,5,20,1,4,33780,balanced_logistic,0.4238267846543166,0.5063295586108789,0.6497683023107733,0.171997585998793,0.5357142857142857,0.2603928734582001,0.6534263189812007,0.5739014647137151,0.6110874805047497,0.47418101054969464,0.3458890238963143,0.4
y2021_m05_w30_lag1y,2021,5,30,1,0,33829,balanced_logistic,0.45046887475965064,0.5308306382829263,0.6585182135791836,0.25406032482598606,0.42318840579710143,0.3175063428778543,0.7293822514894951,0.5608873884735953,0.6341330425299891,0.37075013491635184,0.4337121212121212,0.39976723887110854
y2021_m05_w30_lag1y,2021,5,30,1,1,33829,balanced_logistic,0.4560011067312845,0.534810160063257,0.6632946669368609,0.25806451612903225,0.425531914893617,0.321285140562249,0.7354060913705583,0.5589582830962141,0.6351555007535279,0.3766369827134625,0.45362776025236595,0.4115626788780767
y2021_m05_w30_lag1y,2021,5,30,1,2,33829,balanced_logistic,0.45282256290272765,0.5371218000710909,0.6647137162680532,0.2539312754804892,0.42166344294003866,0.31697564521992005,0.7342743172752378,0.5770436460091632,0.6462327842290035,0.37262569832402237,0.420820189274448,0.39525925925925925
y2021_m05_w30_lag1y,2021,5,30,1,3,33829,balanced_logistic,0.4385980851848876,0.5190519195355495,0.6544356817156946,0.24163783160322952,0.4048309178743961,0.3026363308053449,0.7248796147672553,0.5446213217559093,0.6219528990497176,0.35732916014606153,0.43217665615141954,0.39120502569960025
y2021_m05_w30_lag1y,2021,5,30,1,4,33829,balanced_logistic,0.44292855421748634,0.5281986065971419,0.6520195453130277,0.2371312897628687,0.3961352657004831,0.29667149059334297,0.7243924946170409,0.5680173661360347,0.6367446261998108,0.373109243697479,0.42045454545454547,0.39536954585930545
y2021_m05_w04_lag2y,2021,5,4,2,0,29816,balanced_logistic,0.4630803893112223,0.5414826641840653,0.6782031485364554,0.34295612009237875,0.4541284403669725,0.3907894736842105,0.7485632183908046,0.5646166350582498,0.6437065637065638,0.2955801104972376,0.44352331606217615,0.35474513054289264
y2021_m05_w04_lag2y,2021,5,4,2,1,29816,balanced_logistic,0.4582458749230837,0.5413049676543588,0.6715759608168824,0.3571858087793145,0.4541284403669725,0.3998653651969034,0.7505360972122945,0.5691056910569106,0.6473489519112207,0.26897470039946736,0.41865284974093264,0.32752330766112686
y2021_m05_w04_lag2y,2021,5,4,2,2,29816,balanced_logistic,0.4586257963094867,0.5433337490252159,0.6739799893729327,0.3399648917495611,0.4441896024464832,0.3851508120649652,0.7550657660860292,0.5756097560975609,0.6532369675534369,0.2817487855655795,0.42072538860103625,0.33748960931005817
y2021_m05_w04_lag2y,2021,5,4,2,3,29816,balanced_logistic,0.4474249508292217,0.5345194626422588,0.6645319903471482,0.35019710906701706,0.4074923547400612,0.37667844522968197,0.7410776766969909,0.5739837398373984,0.6469150885766646,0.25647504737839544,0.42072538860103625,0.31868131868131866
y2021_m05_w04_lag2y,2021,5,4,2,4,29816,balanced_logistic,0.45700959135686636,0.5436468143459099,0.6788984974746165,0.3482649842271293,0.42201834862385323,0.3816107846526097,0.7418803418803419,0.5880758807588076,0.656084656084656,0.27735719201651754,0.41761658031088084,0.3333333333333333
y2021_m05_w08_lag2y,2021,5,8,2,0,29506,balanced_logistic,0.45624063050749336,0.5519137566810739,0.6778086012636733,0.2703281027104137,0.3647738209817132,0.3105284719377304,0.7599043715846995,0.5958757364756293,0.6679675773041128,0.33524173027989823,0.466784765279008,0.3902258422806368
y2021_m05_w08_lag2y,2021,5,8,2,1,29506,balanced_logistic,0.4419981836698508,0.5374987293544395,0.6675516280902992,0.2725423728813559,0.3869104908565929,0.3198090692124105,0.7414319647098745,0.5853201178676668,0.6541916167664671,0.3103448275862069,0.4065544729849424,0.35199386503067487
y2021_m05_w08_lag2y,2021,5,8,2,2,29506,balanced_logistic,0.44633794021497425,0.5422823428311958,0.6743221873276125,0.2463186077643909,0.35452793834296725,0.29067930489731436,0.7512882171075231,0.585698982324585,0.6582392776523702,0.3422459893048128,0.4534986713906112,0.3900952380952381
y2021_m05_w08_lag2y,2021,5,8,2,3,29506,balanced_logistic,0.46004504315600037,0.5542434966267811,0.6770591476192908,0.2685248130523453,0.3805394990366089,0.3148664806695895,0.754462782081509,0.5998928762720943,0.6683574518872146,0.351813826146475,0.4552701505757307,0.3969111969111969
y2021_m05_w08_lag2y,2021,5,8,2,4,29506,balanced_logistic,0.4404683416153448,0.5408398726227582,0.6656555399244347,0.25098039215686274,0.3699421965317919,0.29906542056074764,0.7460636515912897,0.596411355115158,0.6628962643250483,0.32611832611832614,0.4003542958370239,0.3594433399602386
y2021_m05_w12_lag2y,2021,5,12,2,0,29244,balanced_logistic,0.4576077800778468,0.5410378004538235,0.6647202797942016,0.2511078286558346,0.38202247191011235,0.30303030303030304,0.7310686482661005,0.5818079414249507,0.6479535831895876,0.38885560215698023,0.4609375,0.42183945401364964
y2021_m05_w12_lag2y,2021,5,12,2,1,29244,balanced_logistic,0.450352558099834,0.5281958395872887,0.6569771478614105,0.26435045317220546,0.3937007874015748,0.3163126976954361,0.7116542685086787,0.5657561250352013,0.6303733919046125,0.3695652173913043,0.4464158977998581,0.40437158469945356
y2021_m05_w12_lag2y,2021,5,12,2,2,29244,balanced_logistic,0.4485444210787022,0.5290094031201683,0.6558110418727915,0.25122463261021694,0.40382452193475815,0.3097497842968076,0.7219827586206896,0.5660377358490566,0.6345698500394633,0.3734718826405868,0.43364088005677787,0.4013136288998358
y2021_m05_w12_lag2y,2021,5,12,2,3,29244,balanced_logistic,0.46063855991095365,0.5337315499179244,0.6676584868919314,0.2648913805185704,0.4251968503937008,0.32642487046632124,0.7288640595903165,0.5511123627147283,0.6276459268762027,0.3874496257915947,0.47764371894960966,0.4278448823903369
y2021_m05_w12_lag2y,2021,5,12,2,4,29244,balanced_logistic,0.4572245234209266,0.5388700984437071,0.6592380110784258,0.25448028673835127,0.39932508436445446,0.3108581436077058,0.7373957199854915,0.5725147845677274,0.6445783132530121,0.38089622641509435,0.4588068181818182,0.4162371134020619
y2021_m05_w16_lag2y,2021,5,16,2,0,28931,balanced_logistic,0.46545535175866065,0.5607983353710053,0.6749919472107505,0.20241935483870968,0.4225589225589226,0.2737186477644493,0.7312169312169312,0.6015670342426002,0.6600859735710874,0.4672897196261682,0.4579278763594734,0.4625614339404452
y2021_m05_w16_lag2y,2021,5,16,2,1,28931,balanced_logistic,0.4602038656958225,0.5528101434969575,0.6698361361456606,0.205,0.4148397976391231,0.2744004461795873,0.7242857142857143,0.5885084155542658,0.6493756003842459,0.4518477043673012,0.4619347452776188,0.4568355505236343
y2021_m05_w16_lag2y,2021,5,16,2,2,28931,balanced_logistic,0.4456839557912697,0.5353403201226222,0.6565865257966251,0.19352290679304898,0.4131534569983137,0.26358257127487894,0.7082876962395035,0.562971561230412,0.6273241713823767,0.44188658057271196,0.45048654836863194,0.44614512471655327
y2021_m05_w16_lag2y,2021,5,16,2,3,28931,balanced_logistic,0.44435525767381384,0.5410030294119705,0.6584099286945265,0.1859504132231405,0.3794266441821248,0.24958402662229617,0.7132196162046909,0.5825834542815674,0.6413165042339032,0.44040862656072643,0.4439359267734554,0.44216524216524217
y2021_m05_w16_lag2y,2021,5,16,2,4,28931,balanced_logistic,0.46654211772917714,0.5589091522683277,0.6755712938174324,0.20868824531516184,0.41245791245791247,0.27714932126696834,0.7278571428571429,0.5915820029027576,0.6526821457165732,0.4613686534216336,0.4785346307956497,0.4697948862039899
y2021_m06_w04_lag1y,2021,6,4,1,0,34683,balanced_logistic,0.45674653435400153,0.5686004571520183,0.6829485299446133,0.31196581196581197,0.3900763358778626,0.3466757123473541,0.7786703601108034,0.6274553571428572,0.6949320148331273,0.275902901124926,0.4062772449869224,0.32863187588152326
y2021_m06_w04_lag1y,2021,6,4,1,1,34683,balanced_logistic,0.45119700982861405,0.5697083820023251,0.6807463694408146,0.31582491582491584,0.3580152671755725,0.33559928443649373,0.7777777777777778,0.6421875,0.7035089864286588,0.26012549914432403,0.3975588491717524,0.31448275862068964
y2021_m06_w04_lag1y,2021,6,4,1,2,34683,balanced_logistic,0.4431939224613988,0.5534725231345111,0.6678237115791442,0.2863849765258216,0.372803666921314,0.323929638234318,0.7616004445679355,0.6118303571428572,0.6785493254115609,0.2784577723378213,0.39634146341463417,0.32710280373831774
y2021_m06_w04_lag1y,2021,6,4,1,3,34683,balanced_logistic,0.4558655765733069,0.5684759307422141,0.6754244855314807,0.30642201834862387,0.3827349121466769,0.34035326086956524,0.7737704918032787,0.6321428571428571,0.6958230958230959,0.28153564899451555,0.4027898866608544,0.3314203730272597
y2021_m06_w04_lag1y,2021,6,4,1,4,34683,balanced_logistic,0.44799517720294474,0.5619010291588448,0.6755276960643508,0.3116966580976864,0.3705118411000764,0.33856893542757416,0.7716492002206288,0.6245535714285714,0.690352825067851,0.26054732041049034,0.3984306887532694,0.31506377111340916
y2021_m06_w08_lag1y,2021,6,8,1,0,34043,balanced_logistic,0.45444648604676646,0.5552300595462519,0.6820128016325548,0.2452085682074408,0.458377239199157,0.3195005508630187,0.7713085234093637,0.587966140471288,0.6672724912371804,0.35290663534938344,0.40362659503022164,0.37656641604010027
y2021_m06_w08_lag1y,2021,6,8,1,1,34043,balanced_logistic,0.4471585774165688,0.5518594721581983,0.6798091137221297,0.24371712448860317,0.43940990516332984,0.31353383458646616,0.7614464858559347,0.5973461450469,0.6694871794871795,0.3391252246854404,0.3801208865010074,0.3584547181760608
y2021_m06_w08_lag1y,2021,6,8,1,2,34043,balanced_logistic,0.46278970625298493,0.5662537448986441,0.6850637405131351,0.2534076827757125,0.4309799789251844,0.31915723761217324,0.7712380400115976,0.6084172003659652,0.6802199207262498,0.3602520045819015,0.4227150537634409,0.38899196042053186
y2021_m06_w08_lag1y,2021,6,8,1,3,34043,balanced_logistic,0.4599571191537999,0.5607825940265616,0.6837569811607823,0.26443768996960487,0.458377239199157,0.3353893600616808,0.7643312101910829,0.6039807824296499,0.6747603833865815,0.34581626682270333,0.3971774193548387,0.3697216140131373
y2021_m06_w08_lag1y,2021,6,8,1,4,34043,balanced_logistic,0.4507919600520991,0.5536977920996787,0.6836947980805466,0.2422145328719723,0.44257112750263433,0.31308237048080506,0.7718140929535232,0.5888812628689087,0.6680508694523748,0.34445083381253594,0.4025537634408602,0.3712426402231174
y2021_m06_w12_lag1y,2021,6,12,1,0,33697,balanced_logistic,0.45208600724936093,0.5596257146532868,0.6864854040699533,0.18153846153846154,0.45314900153609833,0.2592267135325132,0.746064746064746,0.6105979581915411,0.6715679721962304,0.45308924485125857,0.4010126582278481,0.4254633360193392
y2021_m06_w12_lag1y,2021,6,12,1,1,33697,balanced_logistic,0.45402358377260116,0.5561914542063761,0.6822034076173847,0.19277845777233782,0.4838709677419355,0.27571115973741794,0.7516059957173448,0.5972289742343219,0.6655830963023162,0.43658138268916713,0.40607594936708863,0.42077649527806926
y2021_m06_w12_lag1y,2021,6,12,1,2,33697,balanced_logistic,0.45440717614293463,0.5556697132937657,0.6867768276577886,0.19474969474969475,0.4907692307692308,0.27884615384615385,0.7470427661510464,0.5986874088478367,0.664687626501147,0.43957871396895787,0.40151898734177216,0.41968774808150305
y2021_m06_w12_lag1y,2021,6,12,1,3,33697,balanced_logistic,0.45244340954069057,0.5558214596123151,0.6872751954046162,0.18663455749548466,0.47692307692307695,0.2682821289485071,0.7450861808285455,0.5989304812834224,0.6640614472443067,0.4494635798983625,0.4030379746835443,0.42498665242925787
y2021_m06_w12_lag1y,2021,6,12,1,4,33697,balanced_logistic,0.45545464923045315,0.5586369810306817,0.6875755051038527,0.18903483723586523,0.5084485407066052,0.2756036636136553,0.7554264750840721,0.6006319883325231,0.6691943127962086,0.45311589982527667,0.3941236068895643,0.42156597128149553
y2021_m06_w16_lag1y,2021,6,16,1,0,33695,balanced_logistic,0.4633042737076662,0.5423054718650278,0.6806090119046976,0.24819908316961362,0.5213204951856947,0.3362910381543922,0.7269900497512438,0.579573624194348,0.6449655172413793,0.40681362725450904,0.41051567239635994,0.40865626572722696
y2021_m06_w16_lag1y,2021,6,16,1,1,33695,balanced_logistic,0.4546847148981407,0.5374448142283151,0.6742213449743076,0.2393980848153215,0.4814305364511692,0.31978072179077205,0.7114577084583084,0.5880019831432821,0.6438653637350705,0.4040144107050952,0.39686552072800807,0.40040805916857947
y2021_m06_w16_lag1y,2021,6,16,1,2,33695,balanced_logistic,0.4577269221126821,0.5431131273265551,0.6742765679617233,0.2282184655396619,0.4828060522696011,0.30993377483443707,0.7359621451104101,0.5784775601289363,0.647785644870193,0.4101427868045298,0.42091965639211726,0.41546134663341644
y2021_m06_w16_lag1y,2021,6,16,1,3,33695,balanced_logistic,0.45019704696875423,0.5317552328597807,0.6757544779515735,0.23276450511945393,0.469050894085282,0.31113138686131386,0.7131758856432567,0.569055293825936,0.6330161357054199,0.39883268482490275,0.41435068216270843,0.40644361833952913
y2021_m06_w16_lag1y,2021,6,16,1,4,33695,balanced_logistic,0.46015017505129147,0.5417593081502464,0.6784459540512993,0.24413793103448275,0.48626373626373626,0.325068870523416,0.7276119402985075,0.5802132407636995,0.6456062905228307,0.4003859141341052,0.4196157735085945,0.40977536410762777
y2021_m06_w20_lag1y,2021,6,20,1,0,34008,balanced_logistic,0.4804092085255928,0.5578755971419117,0.6935107623788742,0.3162393162393162,0.4337240757439134,0.36577946768060837,0.7449684589966957,0.5887939221272555,0.6577377005702162,0.3673155737704918,0.4841323430114787,0.41771045732595397
y2021_m06_w20_lag1y,2021,6,20,1,1,34008,balanced_logistic,0.47276242679737096,0.5530062696639143,0.6869050436697585,0.30709677419354836,0.4292155094679892,0.35802933433621664,0.7476522265980006,0.5859449192782527,0.656994542792493,0.3546899026140441,0.46725185685347737,0.40326340326340326
y2021_m06_w20_lag1y,2021,6,20,1,2,34008,balanced_logistic,0.4723186351246123,0.5502959327706195,0.6859127482870385,0.30319148936170215,0.4625788999098287,0.3662977508032845,0.7493834771886559,0.5771604938271605,0.6520922746781116,0.357449088960343,0.450371370695476,0.39856587989244097
y2021_m06_w20_lag1y,2021,6,20,1,3,34008,balanced_logistic,0.47252632591864446,0.5531464178895856,0.6867201217996562,0.3019680196801968,0.44274120829576197,0.35904936014625227,0.7466827503015682,0.5878442545109211,0.6578108395324124,0.3598708983324368,0.452027027027027,0.40071877807726863
y2021_m06_w20_lag1y,2021,6,20,1,4,34008,balanced_logistic,0.47162022943567566,0.5488540733529272,0.6741545148083977,0.31681877444589307,0.43783783783783786,0.367624810892587,0.7460757156048015,0.5756352410353835,0.6498659517426274,0.344400396432111,0.46959459459459457,0.39736992567181245
y2021_m06_w30_lag1y,2021,6,30,1,0,33898,balanced_logistic,0.5054710728148653,0.5567705472152052,0.7038331818073006,0.3374233128834356,0.46360153256704983,0.3905745642349903,0.723949983969221,0.5697703759777946,0.6376729737362327,0.4416488222698073,0.5456349206349206,0.4881656804733728
y2021_m06_w30_lag1y,2021,6,30,1,1,33898,balanced_logistic,0.5083922319611789,0.5585236281345396,0.7045212589606477,0.3313186813186813,0.46206896551724136,0.38592,0.7231312159127367,0.5687610396164522,0.6367231638418079,0.45740640260444926,0.5575396825396826,0.5025335320417288
y2021_m06_w30_lag1y,2021,6,30,1,2,33898,balanced_logistic,0.5161528551848135,0.5648053476791164,0.7172497274113846,0.3451374207188161,0.5,0.4083802376485303,0.7350928641251222,0.569409389197375,0.6417294837149765,0.4562946673996702,0.548941798941799,0.49834884419093367
y2021_m06_w30_lag1y,2021,6,30,1,3,33898,balanced_logistic,0.510845084494033,0.559816100522716,0.7122281489707515,0.33369156367544334,0.47549770290964777,0.3921692453425955,0.7306937172774869,0.5636042402826855,0.6363636363636364,0.4564983888292159,0.5625413633355394,0.5040023717758672
y2021_m06_w30_lag1y,2021,6,30,1,4,33898,balanced_logistic,0.5023085990275588,0.5536965851613999,0.7014138410452376,0.3305415968732552,0.45329249617151607,0.38230545689376816,0.71936,0.5673902069661787,0.6344010159446875,0.44390767579173374,0.5473196558570483,0.4902193242442205
y2021_m06_w04_lag2y,2021,6,4,2,0,29874,balanced_logistic,0.44737137880932804,0.5498280569782585,0.6711888868163179,0.29804205946337925,0.3583260680034874,0.3254156769596199,0.767003367003367,0.5952443166971518,0.6702957186994262,0.27982779827798276,0.45454545454545453,0.34640274076893796
y2021_m06_w04_lag2y,2021,6,4,2,1,29874,balanced_logistic,0.4336881441846259,0.5383381496853955,0.6577265383231826,0.29571984435797666,0.33129904097646035,0.3125,0.7502487562189055,0.5910634962111314,0.6612101724641918,0.26149253731343286,0.43756243756243757,0.3273542600896861
y2021_m06_w04_lag2y,2021,6,4,2,2,29874,balanced_logistic,0.4344220997619332,0.5404837345864884,0.6589130070423207,0.28045977011494255,0.3190932868352223,0.29853181076672103,0.7592902577837295,0.592631303893389,0.6656882888171411,0.27035056446821154,0.45454545454545453,0.3390461997019374
y2021_m06_w04_lag2y,2021,6,4,2,3,29874,balanced_logistic,0.42774272513869355,0.5353245926957966,0.6516633179711295,0.26490066225165565,0.31386224934612034,0.28731045490822027,0.7560321715817694,0.5894956885288738,0.6624577888709441,0.2689950980392157,0.4385614385614386,0.33345993163691606
y2021_m06_w04_lag2y,2021,6,4,2,4,29874,balanced_logistic,0.44061150855828496,0.5440272300808832,0.6605032515356841,0.289044289044289,0.32432432432432434,0.3056696795398521,0.7537953795379538,0.5969681129116571,0.6662777129521587,0.28062764031382015,0.4645354645354645,0.34988713318284426
y2021_m06_w08_lag2y,2021,6,8,2,0,29263,balanced_logistic,0.43584737063683626,0.533248824470228,0.6527596035792268,0.23674911660777384,0.4161490683229814,0.30180180180180183,0.743949491406524,0.5747967479674797,0.6485246904143097,0.3314429741650914,0.3873343151693667,0.3572156196943973
y2021_m06_w08_lag2y,2021,6,8,2,1,29263,balanced_logistic,0.43900976616770565,0.5381639628983602,0.6547735043727869,0.23142857142857143,0.40248447204968946,0.2938775510204082,0.7378111148994204,0.5866088370832204,0.6535789791603746,0.35,0.3914643119941133,0.36957276832233416
y2021_m06_w08_lag2y,2021,6,8,2,2,29263,balanced_logistic,0.44132294926708554,0.5436532026724079,0.6587474455298332,0.22637517630465445,0.3987577639751553,0.28879892037786775,0.7523283890996896,0.591217132014096,0.6621129326047359,0.3515625,0.3973509933774834,0.37305699481865284
y2021_m06_w08_lag2y,2021,6,8,2,3,29263,balanced_logistic,0.44728347495611204,0.5488795705540117,0.6629408142303932,0.2261380323054332,0.38308457711442784,0.28439519852262235,0.7476222826086957,0.5966386554621849,0.6636514397708427,0.36998706338939197,0.42089771891096395,0.3938037865748709
y2021_m06_w08_lag2y,2021,6,8,2,4,29263,balanced_logistic,0.4434063684608575,0.5451842523376055,0.6627742896998322,0.22838616714697407,0.3937888198757764,0.28910168718650253,0.752847773558854,0.591217132014096,0.6623139993926511,0.35354179961710275,0.40795287187039764,0.3788034188034188
y2021_m06_w12_lag2y,2021,6,12,2,0,28965,balanced_logistic,0.4312080195624395,0.5356205889664161,0.6627851065239176,0.18030513176144244,0.49523809523809526,0.2643619725470259,0.7260794473229706,0.5906153413880303,0.6513789897737837,0.4107142857142857,0.34991222937390287,0.3778830963665087
y2021_m06_w12_lag2y,2021,6,12,2,1,28965,balanced_logistic,0.4307662814474728,0.5361612957295019,0.6695558804592311,0.18151815181518152,0.5238095238095238,0.2696078431372549,0.7412759957701798,0.5907303370786516,0.6574957011098953,0.39902845246356694,0.3366510538641686,0.36519530009526835
y2021_m06_w12_lag2y,2021,6,12,2,2,28965,balanced_logistic,0.43777210653730175,0.5449666614447052,0.6710503407028559,0.17578125,0.5142857142857142,0.26200873362445415,0.7497326203208556,0.5907303370786516,0.6608012568735271,0.424931129476584,0.36124121779859486,0.3905063291139241
y2021_m06_w12_lag2y,2021,6,12,2,3,28965,balanced_logistic,0.43088498525722924,0.5431180711689663,0.6583228096001638,0.1599453178400547,0.4448669201520912,0.23529411764705882,0.7457203994293866,0.5875245855577409,0.6572371522866572,0.4239842726081258,0.3788056206088993,0.40012368583797153
y2021_m06_w12_lag2y,2021,6,12,2,4,28965,balanced_logistic,0.43936127284907806,0.5456223908573636,0.6754353624422756,0.18242790073775988,0.5171102661596958,0.2697074863658899,0.7344016365496079,0.6052261871312167,0.6635859519408502,0.43243243243243246,0.34660421545667447,0.384790380240494
y2021_m07_w04_lag1y,2021,7,4,1,0,34284,balanced_logistic,0.4437964805396839,0.6002802050387083,0.704391079776601,0.21393728222996516,0.4018324607329843,0.27921782628467484,0.8199685534591195,0.657905803195963,0.7300513299113393,0.29514321295143214,0.3545250560957367,0.3221202854230377
y2021_m07_w04_lag1y,2021,7,4,1,1,34284,balanced_logistic,0.43304482445218256,0.595709889199271,0.6966214627488987,0.20088439671509792,0.4167758846657929,0.2710997442455243,0.8224960671211327,0.659449232709691,0.7320032668300082,0.28356164383561644,0.30964846671652957,0.2960314622810154
y2021_m07_w04_lag1y,2021,7,4,1,2,34284,balanced_logistic,0.43807040876002173,0.592802390715462,0.6986270431890014,0.2152682255845942,0.41022280471821754,0.2823635543527289,0.8137022397891963,0.6491486230817742,0.7221702525724977,0.2835820895522388,0.3410620792819746,0.3096774193548387
y2021_m07_w04_lag1y,2021,7,4,1,3,34284,balanced_logistic,0.4381516893382573,0.6011794879850894,0.7004019105135574,0.20875179340028693,0.381389252948886,0.2698191933240612,0.8197270151944372,0.6692598822539949,0.7368908438476676,0.28417721518987343,0.33557548579970103,0.30774503084304317
y2021_m07_w04_lag1y,2021,7,4,1,4,34284,balanced_logistic,0.43761296542478556,0.5931702053059749,0.6985952740250929,0.22281879194630871,0.4351245085190039,0.2947181535730138,0.8138562091503267,0.6545416316232128,0.7255564619508216,0.27319922128487995,0.31488406881077036,0.2925642807505212
y2021_m07_w08_lag1y,2021,7,8,1,0,33832,balanced_logistic,0.4420073404804665,0.5500868437995544,0.6812138290086973,0.20055710306406685,0.4972375690607735,0.28582770940849545,0.7618763071407231,0.5983106522759268,0.6702589039295571,0.38769230769230767,0.35373385738349244,0.369935408103347
y2021_m07_w08_lag1y,2021,7,8,1,1,33832,balanced_logistic,0.44445163663404746,0.5564580663777495,0.6742982316762295,0.19551466359977,0.4696132596685083,0.27608607389362566,0.7628261506889475,0.6105114969497888,0.678222338068552,0.39826839826839827,0.36159460976979224,0.3790464979399647
y2021_m07_w08_lag1y,2021,7,8,1,2,33832,balanced_logistic,0.4315076835001201,0.539283186457958,0.6684010153996464,0.18848758465011287,0.4613259668508287,0.2676282051282051,0.7490952955367913,0.5828249648052557,0.6555819477434679,0.38259833134684146,0.36067415730337077,0.3713128976286871
y2021_m07_w08_lag1y,2021,7,8,1,3,33832,balanced_logistic,0.43477490364376403,0.5416481301493236,0.6720311770848916,0.19555555555555557,0.4861878453038674,0.27892234548335976,0.7539203860072377,0.5865790708587517,0.6598046978094484,0.38,0.35224719101123597,0.36559766763848395
y2021_m07_w08_lag1y,2021,7,8,1,4,33832,balanced_logistic,0.43727793310155144,0.5458616993131222,0.666327616317361,0.19433198380566802,0.46473029045643155,0.2740619902120718,0.7472108044627128,0.5971374941342092,0.6637976004173187,0.3911710606989577,0.35822571588994945,0.37397420867526376
y2021_m07_w12_lag1y,2021,7,12,1,0,33821,balanced_logistic,0.47684225141247194,0.5402940522675386,0.6917235182171079,0.30573625073920757,0.5118811881188119,0.38282117734172527,0.722822631913541,0.5612043435340572,0.6318421783828841,0.391597510373444,0.44333529066353494,0.4158633985128064
y2021_m07_w12_lag1y,2021,7,12,1,1,33821,balanced_logistic,0.4737082704505944,0.5425928823741613,0.6908336875074935,0.287905604719764,0.48316831683168315,0.3608133086876155,0.729404309252218,0.5681145113524185,0.6387347391786904,0.3983272347098798,0.44770857814336074,0.4215767634854772
y2021_m07_w12_lag1y,2021,7,12,1,2,33821,balanced_logistic,0.4677795113602645,0.5338296275318687,0.6804240847663324,0.28170594837261503,0.497029702970297,0.35959885386819485,0.7262952101661779,0.5500987166831195,0.6260356691475917,0.3946680606377418,0.4435957696827262,0.41770401106500693
y2021_m07_w12_lag1y,2021,7,12,1,3,33821,balanced_logistic,0.4725720703807393,0.5365860281759902,0.6905846830643397,0.29640371229698376,0.5064420218037661,0.3739480424442005,0.7249515190691661,0.5535538005923001,0.6277637839350686,0.39003083247687564,0.44568408690546096,0.41600438476294876
y2021_m07_w12_lag1y,2021,7,12,1,4,33821,balanced_logistic,0.48325125757561826,0.5509117497959717,0.6860202174507188,0.30490018148820325,0.49950445986124875,0.3786626596543952,0.7376065677297127,0.5765054294175715,0.6471810500069262,0.3976337448559671,0.453904873752202,0.4239100630655333
y2021_m07_w16_lag1y,2021,7,16,1,0,33815,balanced_logistic,0.49652401564079973,0.5516240102973093,0.7002536892512472,0.38354037267080743,0.5071868583162218,0.4367816091954023,0.7314396384764364,0.5613079019073569,0.6351786965662228,0.36122331217541837,0.49486166007905136,0.4176117411607739
y2021_m07_w16_lag1y,2021,7,16,1,1,33815,balanced_logistic,0.495226250373119,0.5518933848811929,0.7039172880294947,0.37253886010362697,0.4921286789869952,0.42406369802418165,0.7335261973641916,0.5654112983151636,0.6385896180215475,0.3670150987224158,0.49921011058451814,0.42302543507362783
y2021_m07_w16_lag1y,2021,7,16,1,2,33815,balanced_logistic,0.48974901353059,0.5476224883723684,0.7021956636554595,0.3660299432111513,0.48528405201916497,0.41730429664508534,0.7283477149248961,0.5646679881070367,0.6361479413817167,0.36299351797289336,0.48657187993680884,0.4157948025649679
y2021_m07_w16_lag1y,2021,7,16,1,3,33815,balanced_logistic,0.4956027609578923,0.5500762843152768,0.6985355859167712,0.370694087403599,0.4934976043805613,0.42337052260716385,0.7348806799607714,0.5569871159563925,0.6336856941508104,0.3695281409891984,0.5134281200631912,0.4297520661157025
y2021_m07_w16_lag1y,2021,7,16,1,4,33815,balanced_logistic,0.495983213508776,0.5528080580655998,0.7043609028737183,0.3903225806451613,0.49726027397260275,0.43734939759036146,0.727675744141862,0.5692345801337627,0.6387769284225157,0.3553008595988539,0.48973143759873616,0.41182331451345067
y2021_m07_w20_lag1y,2021,7,20,1,0,34147,balanced_logistic,0.48574484235025556,0.538080658234714,0.6849616271581054,0.37470615890926184,0.4892572130141191,0.42438764643237487,0.7179654385392892,0.5469448584202683,0.6208938389961934,0.3539119804400978,0.4927659574468085,0.4119530416221985
y2021_m07_w20_lag1y,2021,7,20,1,1,34147,balanced_logistic,0.49434164169877937,0.5459293072129019,0.6925874746588631,0.3939990162321692,0.492014742014742,0.43758535919147773,0.7231418370658877,0.5532654581574373,0.6268992684299382,0.3525641025641026,0.5148936170212766,0.41854029747492216
y2021_m07_w20_lag1y,2021,7,20,1,2,34147,balanced_logistic,0.4985951357587188,0.5495363460003168,0.6969978614089838,0.38896488828089376,0.523955773955774,0.4464799790630725,0.7313137965097135,0.5515271914576608,0.6288221970554927,0.36460287679799874,0.49659284497444633,0.42048323115759106
y2021_m07_w20_lag1y,2021,7,20,1,3,34147,balanced_logistic,0.4906965080845021,0.5417574464425158,0.6896815483204989,0.3830776383077638,0.5061425061425061,0.4360942048160889,0.7162293488824101,0.5491803278688525,0.6216786166174609,0.36015084852294155,0.4876595744680851,0.41431670281995664
y2021_m07_w20_lag1y,2021,7,20,1,4,34147,balanced_logistic,0.488988564146998,0.5404145617737617,0.6848841732395728,0.38309859154929576,0.5012285012285013,0.4342735497605109,0.7090909090909091,0.5521609538002981,0.6208630079597821,0.36061381074168797,0.48,0.411829134720701
y2021_m07_w30_lag1y,2021,7,30,1,0,33820,balanced_logistic,0.519818585460715,0.5538298766299529,0.7203847750426368,0.30005640157924424,0.6164542294322132,0.40364188163884673,0.6349557522123894,0.4632020658489348,0.5356476297125793,0.6283412669351885,0.6122012129860863,0.6201662450307192
y2021_m07_w30_lag1y,2021,7,30,1,1,33820,balanced_logistic,0.5098070138107048,0.5481564752160349,0.7159535569857249,0.28311540648095507,0.5770567786790266,0.37986270022883295,0.6254325259515571,0.46675274370561654,0.5345656192236599,0.6275529149647233,0.6029254370317517,0.6149927219796215
y2021_m07_w30_lag1y,2021,7,30,1,2,33820,balanced_logistic,0.5010099082110515,0.5381065937041698,0.7112395647866228,0.2806004618937644,0.5631517960602549,0.3745664739884393,0.6089216110870507,0.4538411878631375,0.5200665803587942,0.61733382298935,0.5997145915090974,0.6083966702859211
y2021_m07_w30_lag1y,2021,7,30,1,3,33820,balanced_logistic,0.507979987643017,0.5513249979996282,0.7087186596781886,0.270223752151463,0.5457705677867902,0.3614735226400614,0.6182503139388865,0.4767591994835378,0.5383634044104246,0.6443768996960486,0.6050660007135212,0.6241030358785649
y2021_m07_w30_lag1y,2021,7,30,1,4,33820,balanced_logistic,0.5056133623163404,0.5480224857684097,0.7117864788645175,0.2731042654028436,0.5335648148148148,0.3612852664576803,0.6203904555314533,0.4617371649983855,0.5294335431321733,0.6297365571995669,0.6225472707813058,0.6261212773591676
y2021_m07_w04_lag2y,2021,7,4,2,0,29467,balanced_logistic,0.4325092973149926,0.5912963749763174,0.6900823927171293,0.2026295436968291,0.3393782383419689,0.25375302663438254,0.8233270794246405,0.6396987366375122,0.7199890620727372,0.27797576621525305,0.38767395626242546,0.32378580323785805
y2021_m07_w04_lag2y,2021,7,4,2,1,29467,balanced_logistic,0.43378057588269364,0.5904709040163478,0.6862744678267267,0.2025894897182026,0.34411384217335056,0.2550335570469799,0.8195441773337496,0.6377551020408163,0.7173111080748736,0.2844702467343977,0.3900497512437811,0.32899706252622746
y2021_m07_w04_lag2y,2021,7,4,2,2,29467,balanced_logistic,0.42889601624543866,0.5862432725426844,0.6855685428210636,0.19286754002911208,0.3432642487046632,0.24697110904007455,0.8196152633238726,0.6314382896015549,0.7133250994922464,0.28486646884273,0.382089552238806,0.3263918402039949
y2021_m07_w04_lag2y,2021,7,4,2,3,29467,balanced_logistic,0.42669354454576397,0.5831047540269649,0.6809567370021637,0.19473684210526315,0.33549222797927464,0.24643196955280686,0.8111909971866208,0.6306196840826246,0.7095980311730927,0.28152492668621704,0.3817097415506958,0.3240506329113924
y2021_m07_w04_lag2y,2021,7,4,2,4,29467,balanced_logistic,0.41325861861416885,0.5738999791968673,0.6791031181154263,0.1888162672476398,0.33678756476683935,0.2419730107026524,0.8184447300771208,0.618955042527339,0.7048567870485679,0.2514245014245014,0.3508946322067594,0.2929460580912863
y2021_m07_w08_lag2y,2021,7,8,2,0,28969,balanced_logistic,0.4373301951193163,0.5538146124498301,0.6764397415409876,0.18924173687621518,0.44716692189892804,0.2659380692167577,0.7755960729312763,0.5917602996254682,0.671320182094082,0.37526804860614726,0.3741981468282252,0.3747323340471092
y2021_m07_w08_lag2y,2021,7,8,2,1,28969,balanced_logistic,0.42583524050602434,0.5446194848139173,0.6699889437216612,0.1876590330788804,0.45176110260336905,0.2651685393258427,0.7657813038978958,0.593900481540931,0.6689769474160012,0.35374149659863946,0.33357091945830364,0.3433602347762289
y2021_m07_w08_lag2y,2021,7,8,2,2,28969,balanced_logistic,0.4172771953342182,0.5363633488920455,0.66513250140815,0.18584070796460178,0.450229709035222,0.26308724832214764,0.7601106118216384,0.5882825040128411,0.6632483788267229,0.33586050037907506,0.315751960085531,0.32549595885378396
y2021_m07_w08_lag2y,2021,7,8,2,3,28969,balanced_logistic,0.4199784774295807,0.5391764622821604,0.6626075232873548,0.1830272324255858,0.442572741194487,0.2589605734767025,0.7680955727336612,0.584804708400214,0.6640340218712029,0.34112490869247625,0.3328581610833927,0.33694083694083693
y2021_m07_w08_lag2y,2021,7,8,2,4,28969,balanced_logistic,0.4205864329240249,0.5404586351472799,0.6642033455095958,0.1760777170613236,0.4447852760736196,0.25228360156589824,0.7731152204836416,0.5814388874030489,0.6637154632880476,0.3545727136431784,0.33737517831669045,0.34576023391812866
y2021_m08_w04_lag1y,2021,8,4,1,0,34170,balanced_logistic,0.455023975017209,0.5726848009358554,0.6879989503501885,0.3405259608900877,0.33847184986595175,0.33949579831932775,0.7792136376134177,0.6395847438501467,0.7025285076846802,0.24737456242707118,0.4654226125137212,0.32304761904761903
y2021_m08_w04_lag1y,2021,8,4,1,1,34170,balanced_logistic,0.4437713280907419,0.5637441373185879,0.6843226951844389,0.3242876526458616,0.3205902079141516,0.3224283305227656,0.7793912314995811,0.6297382671480144,0.6966179957568951,0.23608768971332209,0.4610318331503842,0.31226765799256506
y2021_m08_w04_lag1y,2021,8,4,1,2,34170,balanced_logistic,0.44834432491564497,0.5664230524469581,0.6831108015125436,0.3357050452781371,0.34808853118712274,0.34178465591043794,0.7735066371681416,0.6310920577617328,0.695079522862823,0.23803827751196172,0.43688254665203075,0.308168795973674
y2021_m08_w04_lag1y,2021,8,4,1,3,34170,balanced_logistic,0.4522564414459766,0.5692991641839635,0.6841285504250556,0.342685370741483,0.3440643863179074,0.3433734939759036,0.7724156841239375,0.6356046931407943,0.6973635350909766,0.24319526627218935,0.45115257958287597,0.3160322952710496
y2021_m08_w04_lag1y,2021,8,4,1,4,34170,balanced_logistic,0.45298118598201426,0.5692875002803263,0.6875443133366623,0.3433889602053915,0.35881958417169685,0.35093473269924563,0.7780569514237856,0.6288357400722022,0.6955328175692538,0.24025974025974026,0.446761800219539,0.3124760076775432
y2021_m08_w08_lag1y,2021,8,8,1,0,34056,balanced_logistic,0.4589462588082083,0.5444484554453912,0.6748673991003925,0.36653609401231113,0.4231266149870801,0.39280359820089955,0.7284883720930233,0.6044380125422094,0.6606907461112576,0.2757097791798107,0.39087656529516995,0.3233444321124676
y2021_m08_w08_lag1y,2021,8,8,1,1,34056,balanced_logistic,0.46479310832762427,0.5483910187563819,0.6796801124972415,0.3730834752981261,0.42441860465116277,0.3970988213961922,0.7398809523809524,0.5996140858658948,0.6624034106048494,0.2781065088757396,0.42076991942703673,0.33487709298183116
y2021_m08_w08_lag1y,2021,8,8,1,2,34056,balanced_logistic,0.460534449399789,0.5428713526934251,0.6666290976423936,0.35349611542730297,0.4117647058823529,0.38041206330247834,0.732502965599051,0.5957549445248432,0.6570896515030593,0.289554062309102,0.42397137745974955,0.3441016333938294
y2021_m08_w08_lag1y,2021,8,8,1,3,34056,balanced_logistic,0.4633460868628281,0.5459516324723863,0.6796031877418794,0.3832673827020916,0.43826761473820297,0.4089264173703257,0.7367316341829085,0.5926193921852387,0.6568640556075391,0.268306971294669,0.40966010733452596,0.32424778761061945
y2021_m08_w08_lag1y,2021,8,8,1,4,34056,balanced_logistic,0.4590008964283367,0.543167908088892,0.6732382004991148,0.37541345093715545,0.44020685197155784,0.40523653674501636,0.731099911058405,0.5947901591895803,0.6559382896661791,0.2666256157635468,0.387298747763864,0.31582786287381476
y2021_m08_w12_lag1y,2021,8,12,1,0,34007,balanced_logistic,0.47194305882722726,0.5356033166836723,0.6758184731135524,0.4192456479690522,0.4363361852038249,0.4276202219482121,0.7046240956275558,0.5683836589698046,0.6292134831460674,0.28038585209003214,0.4988558352402746,0.35899547138740223
y2021_m08_w12_lag1y,2021,8,12,1,1,34007,balanced_logistic,0.4796852592091841,0.5411138193442179,0.6884604470742,0.42857142857142855,0.4486404833836858,0.43837638376383764,0.7125519003513254,0.5659563673262303,0.6308497101654178,0.2864321608040201,0.5217391304347826,0.36982968369829683
y2021_m08_w12_lag1y,2021,8,12,1,2,34007,balanced_logistic,0.48025492788484225,0.5416706599667013,0.6914206169585982,0.4402010050251256,0.44108761329305135,0.44064386317907445,0.7086365074343562,0.5682394723490614,0.6307194143319724,0.2824242424242424,0.5337915234822451,0.36940150614348
y2021_m08_w12_lag1y,2021,8,12,1,3,34007,balanced_logistic,0.4651369638677123,0.530570161783736,0.6789504820702188,0.4201388888888889,0.42648539778449146,0.42328835582208896,0.699748743718593,0.56519533231862,0.6253157451585742,0.2679575265459088,0.49140893470790376,0.3468067906224737
y2021_m08_w12_lag1y,2021,8,12,1,4,34007,balanced_logistic,0.48462675710787706,0.5494352857158062,0.6874964180754168,0.448989898989899,0.4476334340382679,0.44831064044377206,0.7110219203457857,0.5842212075088787,0.6414148447291463,0.28255372945638435,0.5120274914089347,0.36415478615071284
y2021_m08_w16_lag1y,2021,8,16,1,0,34027,balanced_logistic,0.46045895550942434,0.50785318819198,0.6641004823155773,0.4163265306122449,0.44028776978417267,0.427972027972028,0.6627868307283006,0.5253031101739589,0.5860902808410527,0.2904642409033877,0.4994606256742179,0.3673145577151924
y2021_m08_w16_lag1y,2021,8,16,1,1,34027,balanced_logistic,0.4610398710393551,0.5075683252711642,0.6673041284714212,0.4132118451025057,0.43522072936660267,0.4239308249591026,0.6681266846361186,0.5225296442687747,0.586426142244566,0.2915398660986001,0.5167206040992449,0.3727626459143969
y2021_m08_w16_lag1y,2021,8,16,1,2,34027,balanced_logistic,0.46469941208023585,0.5145185662515487,0.6697835246666166,0.4327188940092166,0.45057581573896355,0.4414668547249647,0.6724715338245144,0.5291172595520421,0.5922430320011798,0.2813826561552456,0.5010799136069114,0.3603883495145631
y2021_m08_w16_lag1y,2021,8,16,1,3,34027,balanced_logistic,0.46850521521241634,0.5160697617269526,0.6718938686202737,0.419124218051832,0.45009596928982726,0.4340583063396576,0.6802168021680217,0.5291172595520421,0.5952275085223062,0.2959752321981424,0.5161987041036717,0.3762298307752853
y2021_m08_w16_lag1y,2021,8,16,1,4,34027,balanced_logistic,0.4636830837082517,0.5139420907029926,0.66941966266927,0.43105022831050227,0.45297504798464494,0.44174075807206364,0.6741913746630728,0.5272727272727272,0.5917492237172852,0.27929568913175473,0.49676025917926564,0.35755926933540616
y2021_m08_w20_lag1y,2021,8,20,1,0,34333,balanced_logistic,0.480057516721913,0.532004258906377,0.6771625308397763,0.4027844455112818,0.46073585941790224,0.4298155737704918,0.7010607521697203,0.5529918864097363,0.6182849043231751,0.3251643753735804,0.49364791288566245,0.39207207207207206
y2021_m08_w20_lag1y,2021,8,20,1,1,34333,balanced_logistic,0.47804454274987673,0.5252559750268039,0.6770921072914721,0.3916279069767442,0.4623833058758924,0.4240745404180307,0.69857568731368,0.53473630831643,0.6057733735458853,0.3333333333333333,0.5136116152450091,0.4042857142857143
y2021_m08_w20_lag1y,2021,8,20,1,2,34333,balanced_logistic,0.4727454858158036,0.5239868307621681,0.6782808067920808,0.3909348441926346,0.4546952224052718,0.4204112718964204,0.6955815464587395,0.5428498985801217,0.6097977784107091,0.32196289646918014,0.4882032667876588,0.3880274071402813
y2021_m08_w20_lag1y,2021,8,20,1,3,34333,balanced_logistic,0.4764722686809568,0.5259393884227762,0.6735904649912646,0.4032181732134406,0.4676180021953897,0.43303684879288434,0.698580389567514,0.5366472229267055,0.6069994262765347,0.3190255220417633,0.49954586739327883,0.3893805309734513
y2021_m08_w20_lag1y,2021,8,20,1,4,34333,balanced_logistic,0.471025388473761,0.5192712577249649,0.6687650910455281,0.38754008245533667,0.4645799011532125,0.4225774225774226,0.6922056384742952,0.5292924169414152,0.5998850244323082,0.32434052757793763,0.4909255898366606,0.39061371841155235
y2021_m08_w30_lag1y,2021,8,30,1,0,33780,balanced_logistic,0.48401578111361854,0.5312643978269903,0.6962595995139926,0.24955223880597016,0.5211970074812967,0.3375050464271296,0.666001596169194,0.4798734905117884,0.5578208556149733,0.5460194174757281,0.5678513731825525,0.5567214412987527
y2021_m08_w30_lag1y,2021,8,30,1,1,33780,balanced_logistic,0.4905107441609509,0.5371055021733,0.6994596675294124,0.25559481743227325,0.5411471321695761,0.3472,0.6631823461091754,0.49252443933295,0.565253258538195,0.5591919191919192,0.5589660743134087,0.5590789739446577
y2021_m08_w30_lag1y,2021,8,30,1,2,33780,balanced_logistic,0.4923241975083017,0.5463822362713885,0.7045533231877519,0.2341628959276018,0.516209476309227,0.32217898832684827,0.6692307692307692,0.5002875215641173,0.5725567620927937,0.592964824120603,0.5718901453957996,0.5822368421052632
y2021_m08_w30_lag1y,2021,8,30,1,3,33780,balanced_logistic,0.4827884696751403,0.5334108390032282,0.6933520073336464,0.24262492474413005,0.50186799501868,0.32711038961038963,0.6561189477697293,0.49496692551049754,0.5642622950819672,0.5574433656957929,0.5565428109854604,0.5569927243330639
y2021_m08_w30_lag1y,2021,8,30,1,4,33780,balanced_logistic,0.4875271235900014,0.5414106116178429,0.6979279082214456,0.23299319727891157,0.5118306351183064,0.3202181534865602,0.6786561264822134,0.4936745255894192,0.5715712383488681,0.5722989439480097,0.5692929292929293,0.5707919789345757
y2021_m08_w04_lag2y,2021,8,4,2,0,29188,balanced_logistic,0.41494547808449395,0.5321180311497622,0.671576777429685,0.13390501319261214,0.6265432098765432,0.22065217391304348,0.41582391433670435,0.39291736930860033,0.40404624277456647,0.7485800833017796,0.5293172690763053,0.6201380175658721
y2021_m08_w04_lag2y,2021,8,4,2,1,29188,balanced_logistic,0.41189393551999826,0.5360216015880236,0.6624982930856473,0.12167553191489362,0.563076923076923,0.2001093493712411,0.4270959902794654,0.3953880764904387,0.41063084112149534,0.7466517857142857,0.5373493975903615,0.6249416160672583
y2021_m08_w04_lag2y,2021,8,4,2,2,29188,balanced_logistic,0.4208478916774363,0.5429416103862789,0.6695928275616304,0.12891113892365458,0.6338461538461538,0.2142485699427977,0.44095477386934673,0.3948256467941507,0.4166172106824926,0.7613293051359517,0.5397590361445783,0.6316778944070186
y2021_m08_w04_lag2y,2021,8,4,2,3,29188,balanced_logistic,0.4165220275441713,0.539027472154031,0.6660747927622005,0.1240506329113924,0.6049382716049383,0.20588235294117646,0.4425612052730697,0.3965129358830146,0.4182735093444082,0.7511261261261262,0.5357429718875502,0.6254102203469292
y2021_m08_w04_lag2y,2021,8,4,2,4,29188,balanced_logistic,0.41095594952342096,0.5338251265627867,0.6620128936015257,0.12242090784044017,0.5493827160493827,0.20022497187851518,0.42314540059347183,0.40101237345331836,0.41178169217441524,0.740177909562639,0.5346720214190094,0.6208611845173325
y2021_m09_w04_lag1y,2021,9,4,1,0,34798,balanced_logistic,0.47901428801426427,0.5372435998538183,0.6854287799132326,0.6474014336917563,0.4591674610740388,0.537274586354341,0.5943365162989792,0.5683249370277078,0.581039755351682,0.21939680662329983,0.5824175824175825,0.31872852233676974
y2021_m09_w04_lag1y,2021,9,4,1,1,34798,balanced_logistic,0.47363279962645716,0.5301570180051572,0.6849099818627709,0.6254295532646048,0.46266285351128056,0.5318721461187215,0.5878626208736245,0.5552755905511811,0.5711046323291221,0.22106552357624004,0.5658307210031348,0.31792162043152794
y2021_m09_w04_lag1y,2021,9,4,1,2,34798,balanced_logistic,0.48369988666025626,0.5401042699309451,0.6947956168638626,0.6366418889374726,0.46266285351128056,0.5358851674641149,0.6017874875868917,0.5725984251968504,0.5868302130406714,0.22760290556900725,0.5893416927899686,0.32838427947598253
y2021_m09_w04_lag1y,2021,9,4,1,3,34798,balanced_logistic,0.47648364534814625,0.534225086971503,0.6811607948613602,0.6403162055335968,0.4634456452638271,0.5377097547482943,0.5995203836930456,0.551007556675063,0.5742411812961444,0.21610890527509927,0.598116169544741,0.3175
y2021_m09_w04_lag1y,2021,9,4,1,4,34798,balanced_logistic,0.4800466306247732,0.5428913037719506,0.6902426119467627,0.6475374732334047,0.480610298792117,0.5517241379310345,0.6012104909213181,0.5629722921914357,0.5814634146341463,0.21272727272727274,0.5510204081632653,0.3069523393091386
y2021_m09_w08_lag1y,2021,9,8,1,0,34540,balanced_logistic,0.46953538142557766,0.5041244646162371,0.6762731708118487,0.5056986070071761,0.46219135802469136,0.482967143721024,0.6220699603317706,0.4910333048676345,0.5488386891504932,0.2740656851642129,0.6027397260273972,0.376800311405216
y2021_m09_w08_lag1y,2021,9,8,1,1,34540,balanced_logistic,0.4669408222863236,0.5033790413710167,0.6756199820355752,0.5008326394671108,0.4642994982632188,0.481874624474264,0.6109179415855355,0.5001423284941645,0.5500078259508531,0.2754601226993865,0.5584577114427861,0.3689400164338537
y2021_m09_w08_lag1y,2021,9,8,1,2,34540,balanced_logistic,0.4576320363693583,0.49690430624154636,0.6757448188732663,0.4974402730375427,0.4500192975685064,0.4725430597771023,0.6033538672142368,0.5018502704241389,0.5479409479409479,0.2624847746650426,0.5360696517412935,0.35241210139002455
y2021_m09_w08_lag1y,2021,9,8,1,3,34540,balanced_logistic,0.4589448334028779,0.49926109698691284,0.6703646084820484,0.5029478458049886,0.4280200694712466,0.46246872393661387,0.6168096054888508,0.5118132650156562,0.5594275046670815,0.25727069351230425,0.572139303482587,0.3549382716049383
y2021_m09_w08_lag1y,2021,9,8,1,4,34540,balanced_logistic,0.46396335572523606,0.5033619312180212,0.6768345706619693,0.5017406440382942,0.44500192975685066,0.47167109838412763,0.6246488764044944,0.5064047822374039,0.5593460147775507,0.26276958002270145,0.5758706467661692,0.36087295401402963
y2021_m09_w12_lag1y,2021,9,12,1,0,34381,balanced_logistic,0.4489489015359777,0.4949622619376397,0.6573299065243309,0.39981051634296544,0.4053794428434198,0.4025757214404961,0.6555961474593158,0.520844327176781,0.580502867225408,0.28603988603988606,0.49950248756218907,0.36376811594202896
y2021_m09_w12_lag1y,2021,9,12,1,1,34381,balanced_logistic,0.45573971437265176,0.5004022774559318,0.664844486912226,0.4044776119402985,0.3904899135446686,0.3973607038123167,0.6503831417624522,0.5374670184696569,0.5885582201675816,0.30103806228373703,0.5199203187250996,0.38130021913805695
y2021_m09_w12_lag1y,2021,9,12,1,2,34381,balanced_logistic,0.45363072085486555,0.49823572712019343,0.6589038968943136,0.3979933110367893,0.399903984637542,0.3989463601532567,0.6571240539651201,0.5270519926101874,0.5849443468072643,0.29701834862385323,0.5159362549800797,0.37700145560407566
y2021_m09_w12_lag1y,2021,9,12,1,3,34381,balanced_logistic,0.45617059537291027,0.5067426389260483,0.6574512021899264,0.4203323558162268,0.4128660585693711,0.4165657544199564,0.6619446233097231,0.5426233834784904,0.5963741841914431,0.28132250580046403,0.48306772908366535,0.3555718475073314
y2021_m09_w12_lag1y,2021,9,12,1,4,34381,balanced_logistic,0.46859673683405983,0.5185706243070302,0.6709598927820247,0.43654042988741043,0.40970220941402496,0.4226957383548067,0.667713567839196,0.5610979150171549,0.6097805822458052,0.2945914844649022,0.5094527363184079,0.3733138899015676
y2021_m09_w16_lag1y,2021,9,16,1,0,34210,balanced_logistic,0.4963128505522856,0.5283249780421911,0.6927796745040734,0.4161460836136473,0.49176604202157864,0.45080687142113485,0.686411149825784,0.5242150079829697,0.5944477972238986,0.3770491803278688,0.5389266817838246,0.44368388301182327
y2021_m09_w16_lag1y,2021,9,16,1,1,34210,balanced_logistic,0.504027813176215,0.5381345890653167,0.6925812349511787,0.43331795108444854,0.5332197614991482,0.47810590631364563,0.6919382504288165,0.5367216604576902,0.6045257005844448,0.37613636363636366,0.5003779289493575,0.42945183263055464
y2021_m09_w16_lag1y,2021,9,16,1,2,34210,balanced_logistic,0.5025065017593785,0.535379378316911,0.6941534689904317,0.42327072835547414,0.5244040862656073,0.46844106463878327,0.6942119944211994,0.529944104338568,0.6010566037735849,0.3807928531546622,0.5154950869236583,0.4380218368657675
y2021_m09_w16_lag1y,2021,9,16,1,3,34210,balanced_logistic,0.5072528626232541,0.5393891252764486,0.700011128188225,0.4251968503937008,0.5209988649262202,0.468247895944912,0.6932874354561102,0.536066010114453,0.6046232362653857,0.3914510686164229,0.5260770975056689,0.4488874556594647
y2021_m09_w16_lag1y,2021,9,16,1,4,34210,balanced_logistic,0.5029443610062647,0.5357819809670847,0.6972384161008968,0.4191246431969553,0.5,0.4560041407867495,0.6839622641509434,0.5403247271759383,0.6037174721189591,0.3922121896162528,0.5253212396069539,0.4491114701130856
y2021_m09_w20_lag1y,2021,9,20,1,0,34221,balanced_logistic,0.5091268149449467,0.552280913086716,0.7275335464678334,0.2993593476994758,0.6268292682926829,0.4052029956641703,0.5585193249863909,0.3795782463928968,0.45198237885462555,0.6733515648738985,0.6670680313064419,0.6701950703160442
y2021_m09_w20_lag1y,2021,9,20,1,1,34221,balanced_logistic,0.505565221085806,0.5520073999775895,0.7185734798181574,0.29059316956261233,0.5914634146341463,0.38971474487746083,0.5477284328739153,0.39711324944485565,0.46041621969534435,0.6775497512437811,0.6559301625526791,0.666564698684613
y2021_m09_w20_lag1y,2021,9,20,1,2,34221,balanced_logistic,0.5171467439437997,0.5630868888397957,0.7291233362833474,0.30005871990604815,0.6239316239316239,0.40523394131641555,0.564404061998931,0.390677025527192,0.46174027109750765,0.689908256880734,0.679108970499699,0.6844660194174758
y2021_m09_w20_lag1y,2021,9,20,1,3,34221,balanced_logistic,0.5088918310665241,0.5539102709497533,0.7229065962392025,0.2922814982973893,0.6288156288156288,0.39907012785741963,0.5557333333333333,0.3854975952645209,0.455220620358235,0.6844402868724665,0.660746538229982,0.6723847449839179
y2021_m09_w20_lag1y,2021,9,20,1,4,34221,balanced_logistic,0.5042433981716448,0.5541001391028355,0.7139307479230083,0.27687113111986494,0.6007326007326007,0.3790446841294299,0.5482546201232033,0.3951165371809101,0.4592560739625887,0.6963770439243347,0.6538229981938591,0.6744294364229158
y2021_m09_w30_lag1y,2021,9,30,1,0,34123,balanced_logistic,0.46138197207030784,0.5494424744900362,0.6758105679417746,0.22271016311166875,0.3871319520174482,0.2827558741537236,0.7397723777299292,0.5777083833773721,0.6487725923927704,0.4257575757575758,0.4830945558739255,0.4526174496644295
y2021_m09_w30_lag1y,2021,9,30,1,1,34123,balanced_logistic,0.4611532143927965,0.55230467541844,0.6740264806825152,0.22215269086357947,0.3871319520174482,0.2823061630218688,0.743628640776699,0.5887581071342781,0.6571926531706663,0.42257897462454685,0.467621776504298,0.4439608269858542
y2021_m09_w30_lag1y,2021,9,30,1,2,34123,balanced_logistic,0.4584357042379376,0.5502282974449595,0.6741715499279005,0.22243226212980466,0.38495092693565974,0.2819488817891374,0.7445255474452555,0.5880374729762191,0.6570930076499799,0.41333333333333333,0.46189111747851,0.4362652232746955
y2021_m09_w30_lag1y,2021,9,30,1,3,34123,balanced_logistic,0.4576578766229338,0.545222334143807,0.67520963685577,0.22860712054965646,0.39956331877729256,0.2908224076281287,0.7351235886481537,0.5786692289214509,0.6475806451612903,0.41212744090441933,0.4595988538681948,0.4345705770793823
y2021_m09_w30_lag1y,2021,9,30,1,4,34123,balanced_logistic,0.461141406104186,0.5500857170343665,0.6739534219527649,0.22443890274314215,0.3925845147219193,0.28560095200317337,0.7358091787439613,0.5853951477300025,0.6520401337792642,0.42662473794549266,0.46674311926605505,0.4457831325301205
y2021_m10_w04_lag1y,2021,10,4,1,0,34936,balanced_logistic,0.46114692951405706,0.5826156695491697,0.6908396819009104,0.3317911434236616,0.33245033112582784,0.3321204101885544,0.791889007470651,0.6447968716054747,0.71081307627829,0.2565141864504922,0.5062857142857143,0.34050730207532665
y2021_m10_w04_lag1y,2021,10,4,1,1,34936,balanced_logistic,0.45308804917940965,0.5766873693968423,0.6923357784388674,0.33444816053511706,0.3313452617627568,0.33288948069241014,0.7844598190526876,0.6404518792092114,0.7051788063628752,0.24163783160322952,0.47885714285714287,0.32119586048294363
y2021_m10_w04_lag1y,2021,10,4,1,2,34936,balanced_logistic,0.4646633032327932,0.5847495679341537,0.7031726775631454,0.34305555555555556,0.3273691186216037,0.3350288233299423,0.7982716716176074,0.6421898761677167,0.7117746207560799,0.2559652928416486,0.5394285714285715,0.3471864656123575
y2021_m10_w04_lag1y,2021,10,4,1,3,34936,balanced_logistic,0.46116530101519354,0.5843315029099724,0.7019684735931279,0.3458697112155809,0.3412856196156395,0.34356237491661107,0.796505376344086,0.6437106235064088,0.7120028835756338,0.24465691788526434,0.49714285714285716,0.32793064455333587
y2021_m10_w04_lag1y,2021,10,4,1,4,34936,balanced_logistic,0.45808668060868946,0.5773182413739865,0.692286157834649,0.33620119126406356,0.3366467859509609,0.33642384105960266,0.7880508245471749,0.633282641755377,0.7022404239942183,0.2504220596510974,0.5085714285714286,0.33559577677224733
y2021_m10_w08_lag1y,2021,10,8,1,0,34670,balanced_logistic,0.4452284859829641,0.5849963343806992,0.6772022986890306,0.26724673710379115,0.37261698440207974,0.3112558812884546,0.7965040438298983,0.6490221088435374,0.7152395455077897,0.2660857908847185,0.36895910780669144,0.309190031152648
y2021_m10_w08_lag1y,2021,10,8,1,1,34670,balanced_logistic,0.4438074099345939,0.5857043611655276,0.6819141699829784,0.25796568627450983,0.3648180242634315,0.3022254127781766,0.8041644702161307,0.6485969387755102,0.7180513061896917,0.26657824933687,0.3736059479553903,0.3111455108359133
y2021_m10_w08_lag1y,2021,10,8,1,2,34670,balanced_logistic,0.44669209607335253,0.5851339014520709,0.688706797935731,0.2709993868792152,0.3830155979202773,0.31741472172351887,0.7968054464519507,0.6468962585034014,0.7140678164965388,0.2661725067385445,0.3671003717472119,0.30859375
y2021_m10_w08_lag1y,2021,10,8,1,3,34670,balanced_logistic,0.4363620432801787,0.5816517584789811,0.682817809945094,0.25476923076923075,0.3587521663778163,0.2979489024829075,0.8021573270192055,0.6480340063761956,0.7169057136139196,0.2519893899204244,0.35348837209302325,0.2942315137437089
y2021_m10_w08_lag1y,2021,10,8,1,4,34670,balanced_logistic,0.44184279940959237,0.5853378589034619,0.6887021592746144,0.27437916414294367,0.3922077922077922,0.32287954383464007,0.7982342248766554,0.6534863945578231,0.7186440677966102,0.24860335195530725,0.3311627906976744,0.2840047865975269
y2021_m10_w12_lag1y,2021,10,12,1,0,34463,balanced_logistic,0.4946814553231962,0.5414309698919286,0.6961364983437419,0.3479816044966786,0.5396196513470681,0.42311276794035413,0.7439664218258132,0.5267459138187222,0.6167899086559374,0.3923928743379875,0.5116133082234777,0.444141689373297
y2021_m10_w12_lag1y,2021,10,12,1,1,34463,balanced_logistic,0.49255684543370054,0.5404612220861938,0.6943917101243184,0.34737389495579823,0.5288994457640538,0.41933458882611424,0.7382920110192838,0.531087441169185,0.6177784180953753,0.39012584704743464,0.5059635907093534,0.4405575293796119
y2021_m10_w12_lag1y,2021,10,12,1,2,34463,balanced_logistic,0.48209866736238177,0.5306746345275704,0.6893462731929464,0.33771699105733827,0.508716323296355,0.4059437243123617,0.7232447171097478,0.5256378498885311,0.6088079185195812,0.38289601554907676,0.49435382685069007,0.4315443592552026
y2021_m10_w12_lag1y,2021,10,12,1,3,34463,balanced_logistic,0.4912814868481834,0.5379134875545905,0.6979434908886346,0.3452502553626149,0.5356576862123613,0.41987577639751555,0.7283571915473755,0.5293534803071588,0.6131114617701908,0.396,0.4971751412429379,0.4408572223768439
y2021_m10_w12_lag1y,2021,10,12,1,4,34463,balanced_logistic,0.4891109156830607,0.534685574086042,0.694830335234229,0.3516597510373444,0.5372424722662441,0.4250783699059561,0.7241379310344828,0.5253901411939559,0.6089577950043066,0.3862407862407862,0.4934086629001883,0.43329658213891953
y2021_m10_w16_lag1y,2021,10,16,1,0,34221,balanced_logistic,0.4655481010796154,0.5680797945692596,0.6980229479167894,0.18261964735516373,0.5471698113207547,0.2738432483474976,0.5131428571428571,0.37986463620981387,0.436558094312105,0.7296834901625321,0.6476841305998481,0.6862429605792437
y2021_m10_w16_lag1y,2021,10,16,1,1,34221,balanced_logistic,0.4771571643908494,0.5793900333601857,0.7042638340451136,0.19453697534976683,0.5509433962264151,0.2875430822255047,0.5170868347338936,0.39060516292848074,0.4450337512054002,0.7374929735806633,0.6641356618577575,0.6988946597416433
y2021_m10_w16_lag1y,2021,10,16,1,2,34221,balanced_logistic,0.4799208361389153,0.5822220710820709,0.7182002821817152,0.1955958549222798,0.569811320754717,0.29122468659594986,0.5237278444825615,0.3876428269149386,0.4455252918287938,0.7426077161362996,0.6674259681093394,0.7030125299920021
y2021_m10_w16_lag1y,2021,10,16,1,3,34221,balanced_logistic,0.479661674043935,0.5812500889725887,0.711997869651201,0.19256965944272444,0.5856873822975518,0.2898415657036347,0.5178669598680594,0.3986457892509522,0.45050215208034433,0.7539589442815249,0.6508860759493671,0.6986413043478261
y2021_m10_w16_lag1y,2021,10,16,1,4,34221,balanced_logistic,0.47114532703907996,0.576727581425251,0.7029699903240263,0.18384766907419567,0.527306967984934,0.2726387536514119,0.5180995475113123,0.3876428269149386,0.44347615589445655,0.7362792006754855,0.6622784810126582,0.6973210715713715
y2021_m10_w20_lag1y,2021,10,20,1,0,34490,balanced_logistic,0.4293140678528384,0.5111456880316687,0.6636789851821844,0.14736164736164736,0.531322505800464,0.23073047858942067,0.5449056603773584,0.48440120764844014,0.5128751553898064,0.6243504083147736,0.4825014343086632,0.544336569579288
y2021_m10_w20_lag1y,2021,10,20,1,1,34490,balanced_logistic,0.44628143598290776,0.534107923933687,0.6671556071496733,0.15066666666666667,0.5231481481481481,0.23395445134575568,0.5702160493827161,0.4959731543624161,0.5305096913137114,0.6439771917320029,0.5183591508892714,0.5743801652892562
y2021_m10_w20_lag1y,2021,10,20,1,2,34490,balanced_logistic,0.4418639574399858,0.5226369636720004,0.6754104999812417,0.15873015873015872,0.5555555555555556,0.24691358024691357,0.5514622104063805,0.487248322147651,0.5173703901656868,0.6360334180893571,0.5022948938611589,0.5613079019073569
y2021_m10_w20_lag1y,2021,10,20,1,3,34490,balanced_logistic,0.44401859644427244,0.5283573631690607,0.6644589940823923,0.1532941943900848,0.5439814814814815,0.23918575063613232,0.5638217522658611,0.501006711409396,0.5305614783226723,0.6418844313581156,0.5002868617326449,0.5623085603740126
y2021_m10_w20_lag1y,2021,10,20,1,4,34490,balanced_logistic,0.4377553781078327,0.5181825344188328,0.6657947250584165,0.15399239543726237,0.5625,0.2417910447761194,0.5551801801801802,0.4963087248322148,0.5240963855421686,0.6329066265060241,0.48221457257601835,0.54737870400521
y2021_m10_w30_lag1y,2021,10,30,1,0,34321,balanced_logistic,0.4468419655200666,0.5589089239078964,0.6640592414558395,0.2693125442948264,0.3140495867768595,0.28996566196108353,0.7747440273037542,0.6088511399195351,0.6818523153942428,0.29669762641898867,0.48687552921253174,0.36870791920487334
y2021_m10_w30_lag1y,2021,10,30,1,1,34321,balanced_logistic,0.4400728327793821,0.551323462119172,0.6583652893030848,0.25506638714185886,0.30190239867659224,0.2765151515151515,0.7672955974842768,0.5999105945462673,0.6733567486201706,0.29819121447028424,0.48856900931414055,0.3703465982028241
y2021_m10_w30_lag1y,2021,10,30,1,2,34321,balanced_logistic,0.44409142873135893,0.5544135571209144,0.6661466168337695,0.2582921665490473,0.3027295285359802,0.27875095201827876,0.770552850186193,0.6012516763522575,0.6754551161330823,0.30316973415132925,0.502116850127011,0.37806821804271595
y2021_m10_w30_lag1y,2021,10,30,1,3,34321,balanced_logistic,0.44742628535278706,0.5583481001971707,0.6590552470359715,0.2658959537572254,0.304383788254756,0.28384111068260703,0.7732839646824267,0.6068395172105499,0.6800250469630558,0.3026917216861351,0.5046570702794242,0.3784126984126984
y2021_m10_w30_lag1y,2021,10,30,1,4,34321,balanced_logistic,0.44319818767089975,0.5509275753635003,0.6592363477373452,0.2669902912621359,0.3181818181818182,0.29034690799396684,0.7587868480725624,0.598479767493852,0.6691663542057242,0.3004223864836325,0.48179508890770534,0.3700813008130081
y2021_m11_w04_lag1y,2021,11,4,1,0,35513,balanced_logistic,0.4553993337815006,0.5847726603530115,0.7022975937951689,0.2617713004484305,0.45077220077220076,0.3312056737588652,0.7943062323672737,0.6644496889079596,0.7235981308411215,0.30985915492957744,0.3129445234708393,0.31139419674451524
y2021_m11_w04_lag1y,2021,11,4,1,1,35513,balanced_logistic,0.44056194011648037,0.5710960569888098,0.6873442624841974,0.25083240843507215,0.43671497584541064,0.31864645752555515,0.7884163840333942,0.648358721304441,0.7115611019543207,0.2854223433242507,0.2977967306325515,0.29147826086956524
y2021_m11_w04_lag1y,2021,11,4,1,2,35513,balanced_logistic,0.44316583215617317,0.5763540168164523,0.6913176145224091,0.25819209039548024,0.44154589371980674,0.32584670231729057,0.786839430894309,0.6644496889079596,0.7204838897289753,0.28418038654259126,0.28216062544420756,0.2831669044222539
y2021_m11_w04_lag1y,2021,11,4,1,3,35513,balanced_logistic,0.44544220650629623,0.5746974180840169,0.6947503906018517,0.2585394581861013,0.4241545893719807,0.3212586900841566,0.7940015785319653,0.6475005363655868,0.7133065469156228,0.2832189644416719,0.3229018492176387,0.30176138251910933
y2021_m11_w04_lag1y,2021,11,4,1,4,35513,balanced_logistic,0.4509912190627586,0.5801799812561881,0.6965847671809406,0.26171428571428573,0.4420849420849421,0.3287867910983489,0.798689384010485,0.653862660944206,0.7190560471976402,0.29212752114508783,0.31934566145092463,0.30513081889228677
y2021_m11_w08_lag1y,2021,11,8,1,0,35155,balanced_logistic,0.48723386002687424,0.525525137763582,0.6978045897921357,0.3264659270998415,0.523728813559322,0.4022128213472177,0.7138728323699421,0.5021601016518424,0.5895867522005073,0.4248945147679325,0.5255741127348643,0.4699020065328978
y2021_m11_w08_lag1y,2021,11,8,1,1,35155,balanced_logistic,0.4961048591983734,0.5282223471805314,0.7033532407106943,0.34796747967479674,0.5436071126164268,0.42432253800396563,0.7155044510385756,0.49021601016518423,0.5818126979339466,0.42650602409638555,0.5545691906005222,0.4821793416572077
y2021_m11_w08_lag1y,2021,11,8,1,2,35155,balanced_logistic,0.5013572469280635,0.5343756141132897,0.7111154490710466,0.35342465753424657,0.54614733276884,0.4291417165668663,0.7140794223826715,0.5027961362480935,0.5900954653937948,0.4330870279146141,0.5506263048016702,0.48483455882352944
y2021_m11_w08_lag1y,2021,11,8,1,3,35155,balanced_logistic,0.4985759842266824,0.5326400926483368,0.704425025442262,0.34723726977248104,0.5427603725656224,0.4235216385860588,0.7161524500907441,0.5015251652262328,0.5899237554193452,0.4312757201646091,0.5469728601252609,0.48228255867464337
y2021_m11_w08_lag1y,2021,11,8,1,4,35155,balanced_logistic,0.5000234400743606,0.5336457451939006,0.7049823181508955,0.3562005277044855,0.5715495342929721,0.4388816644993498,0.7138790035587189,0.5099135739705135,0.5948991696322657,0.42519346517626827,0.5161795407098121,0.4662894860914663
y2021_m11_w12_lag1y,2021,11,12,1,0,34441,balanced_logistic,0.45667573894311136,0.5568969728719366,0.6875190759745893,0.15984405458089668,0.5970873786407767,0.2521783700666325,0.5052770448548812,0.48055207026348806,0.492604501607717,0.7278933680104032,0.5479686735193343,0.6252443451549846
y2021_m11_w12_lag1y,2021,11,12,1,1,34441,balanced_logistic,0.44485570005386266,0.5444996211869823,0.6786102487682228,0.1532941943900848,0.5717761557177615,0.2417695473251029,0.49555160142348753,0.4657190635451505,0.48017241379310344,0.7090440939813325,0.5392900856793146,0.6126251390433816
y2021_m11_w12_lag1y,2021,11,12,1,2,34441,balanced_logistic,0.43736054272808117,0.5382857262741589,0.6645560801068854,0.14313471502590674,0.537712895377129,0.22608695652173913,0.489778534923339,0.4807692307692308,0.48523206751054854,0.7099465954606141,0.5206854345165238,0.6007626041519559
y2021_m11_w12_lag1y,2021,11,12,1,3,34441,balanced_logistic,0.43497882019029505,0.5408337149038615,0.6698574984016951,0.13981358189081225,0.5109489051094891,0.2195504443282802,0.47850386930352534,0.4653010033444816,0.47181008902077154,0.7163398692810458,0.5365973072215422,0.6135759272218334
y2021_m11_w12_lag1y,2021,11,12,1,4,34441,balanced_logistic,0.45523641188571773,0.5568581009882709,0.690082674692437,0.15632911392405063,0.5995145631067961,0.24799196787148595,0.5064358632933866,0.47720618987871183,0.49138673557278206,0.7319148936170212,0.5473684210526316,0.6263305322128851
y2021_m11_w16_lag1y,2021,11,16,1,0,34271,balanced_logistic,0.4304839533968073,0.5262240587277632,0.6573623821569723,0.17928994082840236,0.48095238095238096,0.26120689655172413,0.697342097742212,0.6158505805148915,0.654067819327168,0.44357743097238894,0.32655766681396375,0.37617714431152965
y2021_m11_w16_lag1y,2021,11,16,1,1,34271,balanced_logistic,0.4178153160066933,0.5125260109581194,0.6572050851171455,0.17393800229621126,0.48171701112877585,0.25558835934204976,0.6930462612743672,0.6012115093387178,0.6438707933504527,0.4161194029850746,0.30799823243482105,0.35398679532757743
y2021_m11_w16_lag1y,2021,11,16,1,2,34271,balanced_logistic,0.4285930407168325,0.5234301061934935,0.6611734486804473,0.18230088495575222,0.4912559618441971,0.26592082616179,0.6956274843838728,0.6183745583038869,0.6547300908605024,0.43494196701282833,0.31462660185594343,0.36512820512820515
y2021_m11_w16_lag1y,2021,11,16,1,3,34271,balanced_logistic,0.42524262729406037,0.5194772968182905,0.6573417139324239,0.1795160382667417,0.5071542130365659,0.2651704073150457,0.6959265633964429,0.6123170116102978,0.6514500537056928,0.4349465744814582,0.3057887759611136,0.35910742086144265
y2021_m11_w16_lag1y,2021,11,16,1,4,34271,balanced_logistic,0.4243951228928786,0.5201436222047219,0.6580090351948452,0.18181818181818182,0.4642289348171701,0.2612975391498881,0.6914414414414415,0.6197325258642442,0.6536260811709913,0.4180424528301887,0.3134394341290893,0.3582617483577564
y2021_m11_w20_lag1y,2021,11,20,1,0,34548,balanced_logistic,0.4371855741594275,0.5337724706324386,0.6570054316734609,0.2946026986506747,0.2748251748251748,0.28437047756874095,0.7313725490196078,0.6093348891481913,0.66479949077021,0.28913260219341974,0.48535564853556484,0.36238675413933147
y2021_m11_w20_lag1y,2021,11,20,1,1,34548,balanced_logistic,0.43394231538150657,0.5262369406121044,0.6580900403927618,0.2951200619674671,0.2664335664335664,0.28004410143329656,0.7241379310344828,0.5929988331388565,0.6520400307929176,0.2895734597156398,0.5112970711297071,0.3697428139183056
y2021_m11_w20_lag1y,2021,11,20,1,2,34548,balanced_logistic,0.4359254150422993,0.5269196937065584,0.64556079186395,0.31997030438010393,0.30160951714485656,0.31051873198847263,0.7306456324861232,0.5836639439906651,0.648936170212766,0.2714953271028037,0.48578595317725753,0.34832134292565947
y2021_m11_w20_lag1y,2021,11,20,1,3,34548,balanced_logistic,0.44179627317221,0.5334074263504927,0.6568464550128809,0.3068820224719101,0.30580825752274315,0.3063441990886786,0.7319380733944955,0.5957992998833139,0.6568892319567734,0.28943415122684024,0.48368200836820086,0.36215538847117795
y2021_m11_w20_lag1y,2021,11,20,1,4,34548,balanced_logistic,0.4392387715349632,0.532850001555818,0.652489786181713,0.29512893982808025,0.28831350594821553,0.29168141592920355,0.7241283124128313,0.6058343057176196,0.659720457433291,0.2966804979253112,0.4786610878661088,0.36631444124239515
y2021_m11_w30_lag1y,2021,11,30,1,0,34151,balanced_logistic,0.5019077158853943,0.5325772724502268,0.704573701767122,0.5487704918032786,0.5549108992954828,0.5518236142592211,0.6588050314465409,0.47694934547524187,0.5533179267084847,0.29832160259880885,0.6095132743362832,0.4005816066884769
y2021_m11_w30_lag1y,2021,11,30,1,1,34151,balanced_logistic,0.5075730436518714,0.5371437843815783,0.7083412470526542,0.5444172779136104,0.5534382767191384,0.5488907148726376,0.661003861003861,0.48733276401935666,0.5610355562837949,0.31075027995520715,0.6146179401993356,0.41279285979918184
y2021_m11_w30_lag1y,2021,11,30,1,2,34151,balanced_logistic,0.4895932257746585,0.5269795555298756,0.692891054085809,0.52661519707436,0.5368682684341343,0.5316923076923077,0.6677079265911753,0.48676345004269855,0.5630556470200856,0.28042035398230086,0.5614617940199336,0.37403172261158246
y2021_m11_w30_lag1y,2021,11,30,1,3,34151,balanced_logistic,0.4988208305770687,0.5295897962024306,0.7008049795986112,0.5314146736927442,0.5433070866141733,0.5372950819672131,0.6644321766561514,0.47964702533447195,0.5571168788229459,0.30049261083743845,0.6073008849557522,0.40205053094104726
y2021_m11_w30_lag1y,2021,11,30,1,4,34151,balanced_logistic,0.49940404401797744,0.5317940899305819,0.6992680736388405,0.5433621043978627,0.547865727310402,0.5456046223689641,0.6693258875149581,0.4776544264161685,0.5574750830564784,0.2920634920634921,0.6106194690265486,0.39513242662848963
y2021_m12_w04_lag1y,2021,12,4,1,0,35410,balanced_logistic,0.46892587795051255,0.5488720313431149,0.6938832101787823,0.2822398190045249,0.5060851926977687,0.3623819898329702,0.7622825755263961,0.5724106324472961,0.6538411202722156,0.36131566028473244,0.42494226327944573,0.3905545237463518
y2021_m12_w04_lag1y,2021,12,4,1,1,35410,balanced_logistic,0.46200973446441634,0.5414922705377954,0.6826391594149003,0.2745433789954338,0.48782961460446245,0.35135135135135137,0.7511436413540714,0.5643904674610449,0.6445113175454664,0.3598244758654315,0.42609699769053117,0.3901665344964314
y2021_m12_w04_lag1y,2021,12,4,1,2,35410,balanced_logistic,0.46580007733806666,0.5461163780152392,0.6878093900372256,0.27603583426651734,0.49949341438703143,0.3555715831229715,0.759010384850336,0.5695622278248911,0.6507791017415215,0.3630069238377844,0.4237875288683603,0.39104954714970697
y2021_m12_w04_lag1y,2021,12,4,1,3,35410,balanced_logistic,0.4760585309000717,0.5533660411511208,0.6922167427292854,0.29333333333333333,0.49037487335359675,0.3670838073568449,0.7638036809815951,0.5705774518790101,0.6532004197271774,0.3664825046040516,0.45984979780473717,0.40789136561619266
y2021_m12_w04_lag1y,2021,12,4,1,4,35410,balanced_logistic,0.47103708661108507,0.5477255022321883,0.6938209770439054,0.2938496583143508,0.5227963525835866,0.3762304046664236,0.7589367552703942,0.5692025664527957,0.650517218803195,0.3560642961519727,0.4222992489890237,0.38636363636363635
y2021_m12_w08_lag1y,2021,12,8,1,0,34609,balanced_logistic,0.41578781920823077,0.4717311275993228,0.6475016366879549,0.17550574084199017,0.5661375661375662,0.2679465776293823,0.5634769348074724,0.45943425551756295,0.5061643835616438,0.537246963562753,0.42288081580624604,0.4732524964336662
y2021_m12_w08_lag1y,2021,12,8,1,1,34609,balanced_logistic,0.429975005132829,0.4899347937161442,0.6563713325308975,0.1780821917808219,0.5731922398589065,0.2717391304347826,0.5890513685789276,0.48834317687286294,0.5339904826648538,0.5547325102880658,0.4295729764181007,0.48419540229885055
y2021_m12_w08_lag1y,2021,12,8,1,2,34609,balanced_logistic,0.4223577146083188,0.4844354831577132,0.6512936613943593,0.169905607995558,0.5396825396825397,0.25844594594594594,0.572,0.48896487410631023,0.5272331154684096,0.559257697174188,0.4225621414913958,0.48139408241060083
y2021_m12_w08_lag1y,2021,12,8,1,3,34609,balanced_logistic,0.4182295699216005,0.4767852602437827,0.6463235636232936,0.17410966647823628,0.5422535211267606,0.2635857937526744,0.5690996665431641,0.47761194029850745,0.5193575655114117,0.5374898125509372,0.4203314212874442,0.4717453505007153
y2021_m12_w08_lag1y,2021,12,8,1,4,34609,balanced_logistic,0.42070253172800437,0.4819628516416703,0.6503572596582406,0.17028380634390652,0.5396825396825397,0.25888324873096447,0.5750560119492159,0.47885572139303484,0.5225653206650831,0.5486508585445625,0.42766093052899934,0.4806590257879656
y2021_m12_w12_lag1y,2021,12,12,1,0,34371,balanced_logistic,0.4578840497686769,0.47782529474191315,0.654824130728535,0.4510298444724674,0.4868421052631579,0.46825223652629283,0.6243298969072165,0.43656286043829295,0.5138299677583573,0.30951231289232256,0.5328345802161264,0.3915699450213806
y2021_m12_w12_lag1y,2021,12,12,1,1,34371,balanced_logistic,0.4601500403090994,0.483453187657286,0.6596949261539219,0.4542000844238075,0.48842487517022243,0.47069116360454943,0.6374077112387203,0.44796771403862784,0.5261554088369731,0.3033381712626996,0.521630615640599,0.3836035484857755
y2021_m12_w12_lag1y,2021,12,12,1,2,34371,balanced_logistic,0.47051896783016955,0.4905202467814871,0.6681007123398346,0.465280849181778,0.4775306400363141,0.471326164874552,0.6332401118657611,0.4569040069184203,0.5308104487608841,0.32132701421800947,0.5640599001663894,0.40942028985507245
y2021_m12_w12_lag1y,2021,12,12,1,3,34371,balanced_logistic,0.46389462666002057,0.487056689184883,0.6563021941912016,0.4626677852348993,0.5006808896958693,0.48092435142794854,0.6323232323232323,0.45126874279123413,0.5266700319703853,0.3066997518610422,0.513715710723192,0.3840894965817278
y2021_m12_w12_lag1y,2021,12,12,1,4,34371,balanced_logistic,0.4666107819250967,0.48789583635734735,0.6610808282016724,0.4662525879917184,0.5111211983658648,0.4876569943698571,0.6352357320099256,0.4429065743944637,0.5219164118246687,0.3101420872121509,0.5261845386533666,0.39025893958076446
y2021_m12_w16_lag1y,2021,12,16,1,0,34132,balanced_logistic,0.48743607964500285,0.531761005187395,0.688499502671403,0.6448481052301911,0.6275525754343189,0.6360827927092987,0.568392370572207,0.37531486146095716,0.45210229735587343,0.2668148971650917,0.6258148631029987,0.37412314886983633
y2021_m12_w16_lag1y,2021,12,16,1,1,34132,balanced_logistic,0.4891544910139946,0.5387791953534535,0.6923586313647684,0.6432853717026379,0.6540688814385858,0.6486323107148254,0.5763358778625954,0.380352644836272,0.4582701062215478,0.2637296318648159,0.5697522816166884,0.36056105610561057
y2021_m12_w16_lag1y,2021,12,16,1,2,34132,balanced_logistic,0.4893220716610454,0.5386248184501901,0.6913026143642093,0.6527170518425984,0.6370009143553794,0.644763226901126,0.5759527643585615,0.3861101115509176,0.46230073244291253,0.25894378194207834,0.5953002610966057,0.3609022556390977
y2021_m12_w16_lag1y,2021,12,16,1,3,34132,balanced_logistic,0.48708679978260205,0.5309848583736083,0.6953460031084266,0.6390718093446222,0.6211520877781165,0.629984544049459,0.5718142548596112,0.38120950323974084,0.457451403887689,0.2672268907563025,0.621903520208605,0.3738244514106583
y2021_m12_w16_lag1y,2021,12,16,1,4,34132,balanced_logistic,0.48717008949066215,0.5345050498498809,0.6917531629793835,0.6441736957200874,0.6284669308137762,0.6362233878432583,0.5708222811671088,0.3873290136789057,0.46150546858245767,0.2620689655172414,0.5945241199478487,0.36378141204627046
y2021_m12_w20_lag1y,2021,12,20,1,0,34394,balanced_logistic,0.5021937082866973,0.5575936049517038,0.7172147129139382,0.6842272294509679,0.6229413464316671,0.6521476104053237,0.5538894095595126,0.42997453619498,0.4841286094613967,0.26286072772898367,0.6263079222720478,0.37030490499337165
y2021_m12_w20_lag1y,2021,12,20,1,1,34394,balanced_logistic,0.49614933474565887,0.5498164325824743,0.7052072210653563,0.6728298339078659,0.6203409419242993,0.6455201443174985,0.553336580613736,0.41324117861040377,0.4731361932528113,0.26055045871559634,0.6367713004484304,0.3697916666666667
y2021_m12_w20_lag1y,2021,12,20,1,2,34394,balanced_logistic,0.4935036464595582,0.550811992880087,0.7090740936204121,0.6812006319115324,0.6229413464316671,0.6507696951403562,0.5545186640471512,0.41084425036390104,0.47198996655518394,0.25029797377830754,0.6268656716417911,0.3577512776831346
y2021_m12_w20_lag1y,2021,12,20,1,3,34394,balanced_logistic,0.4933914695319528,0.5463295162550762,0.707741980137245,0.6653022670025189,0.610517191563132,0.6367334639144192,0.5483870967741935,0.42066957787481807,0.47611202635914335,0.2608150470219436,0.6208955223880597,0.3673289183222958
y2021_m12_w20_lag1y,2021,12,20,1,4,34394,balanced_logistic,0.5043961835288758,0.5578963846515409,0.7170016784045424,0.6893768162738134,0.6170520231213873,0.6512124447155712,0.5507649513212796,0.43215714805383776,0.484304932735426,0.2666256157635468,0.6472346786248132,0.3776711731356302
y2021_m12_w30_lag1y,2021,12,30,1,0,34023,balanced_logistic,0.5032382604874782,0.537119390166017,0.7169289510401086,0.6172535211267606,0.6142256482130344,0.6157358623112048,0.603125,0.4344051446945338,0.5050467289719626,0.2892753623188406,0.5933412604042806,0.38893219017926733
y2021_m12_w30_lag1y,2021,12,30,1,1,34023,balanced_logistic,0.5146982106611984,0.5517477593375896,0.7192676680169056,0.6318247126436781,0.6163279607568325,0.6239801347995744,0.6148274392841926,0.4639871382636656,0.5288620120945574,0.2939068100358423,0.5850178359096314,0.3912524850894632
y2021_m12_w30_lag1y,2021,12,30,1,2,34023,balanced_logistic,0.5038754871062959,0.5352982275998834,0.7142663786103259,0.6135641116213352,0.6086194814295726,0.6110817941952507,0.6047877145438121,0.4305466237942122,0.5030052592036063,0.29375,0.6147443519619501,0.3975394079200308
y2021_m12_w30_lag1y,2021,12,30,1,3,34023,balanced_logistic,0.5077274023535038,0.5416499351172089,0.7162813681901014,0.6187567373338124,0.6035751840168244,0.6110716820440029,0.603595890410959,0.4533762057877814,0.5178112376055821,0.29554896142433235,0.5921521997621879,0.39429928741092635
y2021_m12_w30_lag1y,2021,12,30,1,4,34023,balanced_logistic,0.5143712562709376,0.5449971370067224,0.7198199356461125,0.6147455867082036,0.6225026288117771,0.6185997910135841,0.6107174490699734,0.44340836012861734,0.513785394932936,0.3095956547978274,0.6099881093935791,0.41072858286629305
y2022_m01_w04_lag1y,2022,1,4,1,0,34458,balanced_logistic,0.45452459863596023,0.5663646935484699,0.6839050285581338,0.7400513478818999,0.5643661282427802,0.6403776728686476,0.5308988764044944,0.4839948783610755,0.506363027461487,0.13902439024390245,0.4924406047516199,0.21683309557774608
y2022_m01_w04_lag1y,2022,1,4,1,1,34458,balanced_logistic,0.45303101683138297,0.5685196435914317,0.682047933260816,0.7495081967213115,0.5594713656387665,0.640695067264574,0.5360443622920518,0.4950917626973965,0.5147548258264921,0.1299165673420739,0.4708423326133909,0.20364315740308267
y2022_m01_w04_lag1y,2022,1,4,1,2,34458,balanced_logistic,0.44845343191895726,0.5668391821281863,0.6792764406990601,0.7398659431854453,0.5673029858051885,0.6421942097243386,0.5402298850574713,0.4816396242527754,0.509255079006772,0.12387791741472172,0.44612068965517243,0.1939110070257611
y2022_m01_w04_lag1y,2022,1,4,1,3,34458,balanced_logistic,0.4608684392747211,0.5780334965273646,0.6891758717404923,0.7545454545454545,0.5687714145863926,0.648618476137315,0.5532212885154062,0.5059777967549103,0.5285459411239964,0.13121629718394248,0.47300215982721383,0.20544090056285177
y2022_m01_w04_lag1y,2022,1,4,1,4,34458,balanced_logistic,0.45172198375486566,0.5683489796153212,0.6690584990540978,0.7354900095147479,0.567686658506732,0.6407847471677259,0.5400468384074941,0.49210413999146396,0.5149620366234926,0.12850904553961323,0.4449244060475162,0.1994191674733785
y2022_m01_w08_lag1y,2022,1,8,1,0,34294,balanced_logistic,0.49673430186983936,0.6611317940513802,0.7470939788593974,0.7947864669994453,0.679307892865608,0.7325239616613418,0.6724324324324324,0.5222502099076406,0.5879017013232514,0.10049893086243764,0.5465116279069767,0.16977724262492475
y2022_m01_w08_lag1y,2022,1,8,1,1,34294,balanced_logistic,0.49007562573951996,0.6568374401529673,0.7386258366241023,0.7889282792473411,0.685707513628822,0.7337053005325894,0.6548387096774193,0.5113350125944585,0.5742574257425742,0.09684684684684684,0.5,0.16226415094339622
y2022_m01_w08_lag1y,2022,1,8,1,2,34294,balanced_logistic,0.4953838116916261,0.6514058636447582,0.7483864811162708,0.7879632209529117,0.6703010191988623,0.7243852459016393,0.6460644479661912,0.5134340890008396,0.5721637426900584,0.11256354393609296,0.6007751937984496,0.18960244648318042
y2022_m01_w08_lag1y,2022,1,8,1,3,34294,balanced_logistic,0.5075811846308543,0.6623847722982495,0.7615223513387349,0.7966148723640399,0.6804930078217587,0.7339895180876902,0.6690064794816415,0.5201511335012594,0.5852621634388285,0.12045616535994298,0.6550387596899225,0.20349187236604455
y2022_m01_w08_lag1y,2022,1,8,1,4,34294,balanced_logistic,0.5056098434134132,0.6655531164112714,0.7583657510904335,0.7936205016357688,0.6901375059269796,0.7382703525234593,0.6706072004298764,0.5239294710327456,0.5882630214470893,0.11361926260346125,0.5852713178294574,0.19029615626969124
y2022_m01_w12_lag1y,2022,1,12,1,0,34123,balanced_logistic,0.48601357853152555,0.6497265806323996,0.7396575339601362,0.8139721627408993,0.6689397272327321,0.7343636802704661,0.5574712643678161,0.4804358593363051,0.5160947060388401,0.12379540400296515,0.6423076923076924,0.20758234928527036
y2022_m01_w12_lag1y,2022,1,12,1,1,34123,balanced_logistic,0.4821508570233344,0.6487748447935707,0.7337235201826537,0.8168370091447015,0.6680598328200615,0.7349951597289448,0.5506257110352674,0.4794452699356117,0.5125761186126555,0.11860637509266123,0.6153846153846154,0.19888129272840274
y2022_m01_w12_lag1y,2022,1,12,1,2,34123,balanced_logistic,0.4785839311527654,0.6470448854610902,0.7268519401982667,0.8198910081743869,0.6619005719313682,0.7324732229795521,0.5379609544468547,0.4913323427439326,0.5135904737250842,0.11365369946605644,0.573076923076923,0.18968809675366008
y2022_m01_w12_lag1y,2022,1,12,1,3,34123,balanced_logistic,0.48180835609025924,0.6483002100008524,0.7374072400873941,0.8169703562686973,0.6608007039155301,0.7306335887145811,0.5558048233314639,0.4910802775024777,0.5214417258616154,0.11510263929618768,0.6038461538461538,0.1933497536945813
y2022_m01_w12_lag1y,2022,1,12,1,4,34123,balanced_logistic,0.4817712192507857,0.6499536815150426,0.7288177892092635,0.80987589120676,0.6748074807480748,0.7361977916466634,0.5529612756264237,0.4809311540366518,0.5144370860927152,0.117096018735363,0.5769230769230769,0.1946787800129786
y2022_m01_w16_lag1y,2022,1,16,1,0,34006,balanced_logistic,0.47982188338256315,0.63576945156256,0.7253698087691371,0.8056293149229952,0.6710904667109047,0.7322312055025945,0.505079006772009,0.45065458207452164,0.47631718999467804,0.14240506329113925,0.6101694915254238,0.23091725465041693
y2022_m01_w16_lag1y,2022,1,16,1,1,34006,balanced_logistic,0.4646322359841146,0.6261994208960099,0.7073705999998885,0.8037510192987225,0.6542035398230088,0.721307476521527,0.494240263302249,0.45344740815299445,0.47296587926509187,0.12240184757505773,0.5408163265306123,0.19962335216572505
y2022_m01_w16_lag1y,2022,1,16,1,2,34006,balanced_logistic,0.4889382793398367,0.6414577579916133,0.7333918710792365,0.8072513996267662,0.6699115044247788,0.7321968323056463,0.5221040850587577,0.4697885196374622,0.49456665783196396,0.14806017418844022,0.6338983050847458,0.24005134788189988
y2022_m01_w16_lag1y,2022,1,16,1,3,34006,balanced_logistic,0.473168415045343,0.6318916927941072,0.7219935016906215,0.8045033112582781,0.6719026548672566,0.7322483423749246,0.5050325636471285,0.4295065458207452,0.4642176870748299,0.13612565445026178,0.6169491525423729,0.22303921568627452
y2022_m01_w16_lag1y,2022,1,16,1,4,34006,balanced_logistic,0.4676149594602714,0.6208870594919291,0.7208332110880117,0.8056792873051225,0.6402654867256637,0.7135108481262328,0.4977452085682074,0.4446122860020141,0.4696808510638298,0.13240418118466898,0.6440677966101694,0.21965317919075145
y2022_m01_w20_lag1y,2022,1,20,1,0,34258,balanced_logistic,0.4828610395676301,0.6076845773442409,0.7250041545475571,0.774022346368715,0.6560132575757576,0.7101486417221937,0.5157563025210085,0.44354110207768743,0.476930548810102,0.1703216374269006,0.5628019323671497,0.2615039281705948
y2022_m01_w20_lag1y,2022,1,20,1,1,34258,balanced_logistic,0.47425555793547786,0.6057319035387935,0.7109761767214308,0.7741398446170921,0.6605113636363636,0.71282575370465,0.5229916897506925,0.42637759710930445,0.4697685991540184,0.15453915453915454,0.538647342995169,0.24017232094776522
y2022_m01_w20_lag1y,2022,1,20,1,2,34258,balanced_logistic,0.47597202151087764,0.6095827739492631,0.7063387683707739,0.7768156424581005,0.6585365853658537,0.71280276816609,0.5301724137931034,0.44424379232505645,0.4834193072955048,0.1497175141242938,0.5120772946859904,0.23169398907103825
y2022_m01_w20_lag1y,2022,1,20,1,3,34258,balanced_logistic,0.4714107088805744,0.6023406954216455,0.706583050385268,0.7729050279329609,0.6552214065829979,0.7092144047161348,0.5245346869712352,0.4198645598194131,0.4663991975927783,0.15220293724966621,0.5520581113801453,0.23861852433281006
y2022_m01_w20_lag1y,2022,1,20,1,4,34258,balanced_logistic,0.4719596561271329,0.597239626662134,0.7141123486253669,0.774842044801838,0.6388823111532086,0.700324464633355,0.509393451422437,0.42844243792325054,0.46542422756253066,0.1593625498007968,0.5811138014527845,0.2501302761855133
y2022_m01_w30_lag1y,2022,1,30,1,0,33893,balanced_logistic,0.47787791599571044,0.5295198711442237,0.6944435993373315,0.6305192511480042,0.5719320730535085,0.5997983870967742,0.5698970840480274,0.44732413328845505,0.5012257212898359,0.2370049504950495,0.5574963609898108,0.33260963960052103
y2022_m01_w30_lag1y,2022,1,30,1,1,33893,balanced_logistic,0.4639061984273618,0.5164394013357804,0.6824115975652857,0.618150087260035,0.5674463313040692,0.5917139993317742,0.5567733450241122,0.4274654998317065,0.4836252856054836,0.224739742804654,0.5342066957787481,0.3163793103448276
y2022_m01_w30_lag1y,2022,1,30,1,2,33893,balanced_logistic,0.47994440892931906,0.5348380644238204,0.6886667990855826,0.6427556818181818,0.5799423261775072,0.6097355566784571,0.5785807575097954,0.44732413328845505,0.5045558086560364,0.2298919567827131,0.5574963609898108,0.32554186145346364
y2022_m01_w30_lag1y,2022,1,30,1,3,33893,balanced_logistic,0.47517223966987765,0.5327017279511828,0.6901493185463515,0.6288912207065408,0.5760974046779879,0.6013377926421405,0.5792163543441227,0.4577583305284416,0.5113743184809174,0.22469764481222151,0.5145772594752187,0.3128046078865751
y2022_m01_w30_lag1y,2022,1,30,1,4,33893,balanced_logistic,0.47919927279693547,0.5373222643758561,0.6992316355216875,0.6327310632383599,0.5836538461538462,0.6072024008002668,0.5940246045694201,0.4549125168236878,0.5152439024390244,0.22413793103448276,0.5306122448979592,0.3151515151515151
y2022_m02_w04_lag1y,2022,2,4,1,0,34861,balanced_logistic,0.456528817741858,0.5934003079249953,0.7038007284176677,0.29826732673267325,0.4102127659574468,0.3453959154424937,0.8072289156626506,0.6547694922455917,0.723049853372434,0.2573099415204678,0.3629697525206233,0.3011406844106464
y2022_m02_w04_lag1y,2022,2,4,1,1,34861,balanced_logistic,0.4464960154609387,0.5812796071266454,0.694789663085225,0.28579743888242143,0.4178723404255319,0.3394400276529554,0.7986684420772303,0.6371361801572126,0.7088158827700307,0.2515010006671114,0.3458715596330275,0.29123213595983005
y2022_m02_w04_lag1y,2022,2,4,1,2,34861,balanced_logistic,0.45266731591367454,0.5920193659523862,0.7068294474019602,0.27344701583434833,0.38245315161839866,0.31889204545454547,0.815859499733901,0.651231945624469,0.7243090007087172,0.26653944020356235,0.38440366972477064,0.3148009015777611
y2022_m02_w04_lag1y,2022,2,4,1,3,34861,balanced_logistic,0.4576578331960837,0.5976748093169101,0.7070064534684973,0.2899557801642451,0.3909710391822828,0.33297062023939067,0.8102511001812063,0.6648258283772303,0.7303698518259246,0.2653997378768021,0.37155963302752293,0.30963302752293576
y2022_m02_w04_lag1y,2022,2,4,1,4,34861,balanced_logistic,0.45507941281732994,0.5931423555475888,0.7043514847691199,0.2805023923444976,0.39948892674616693,0.32958538299367535,0.810903344745852,0.6539932030586236,0.7240446796002351,0.26879574184963406,0.3706422018348624,0.31160817585807943
y2022_m02_w08_lag1y,2022,2,8,1,0,34495,balanced_logistic,0.46544532872263317,0.5579590867065598,0.6972532398549722,0.3719832109129066,0.46188925081433224,0.41208950886370244,0.7888080935820424,0.5632054176072234,0.6571842486500724,0.24699453551912567,0.48394004282655245,0.32706222865412443
y2022_m02_w08_lag1y,2022,2,8,1,1,34495,balanced_logistic,0.47053353460392255,0.5648484819357812,0.698292457269571,0.39175824175824175,0.4641927083333333,0.42491060786650775,0.7939146800501882,0.5714608263716414,0.6645661021399502,0.24061343204653624,0.487152034261242,0.32212389380530976
y2022_m02_w08_lag1y,2022,2,8,1,2,34495,balanced_logistic,0.46982849142218885,0.5622753102928403,0.6951970963695522,0.37293553542887586,0.4557291666666667,0.4101963082332259,0.8066083576287658,0.5622036577105441,0.6625864821713677,0.2496124031007752,0.5171306209850107,0.33670268386197283
y2022_m02_w08_lag1y,2022,2,8,1,3,34495,balanced_logistic,0.46855426879047046,0.5591686007996425,0.6931211653527409,0.3715203426124197,0.4521172638436482,0.40787540405524536,0.7883948281299274,0.5644615037254459,0.6578947368421053,0.2553763440860215,0.5080213903743316,0.33989266547406083
y2022_m02_w08_lag1y,2022,2,8,1,4,34495,balanced_logistic,0.4621012127340906,0.5562849804443427,0.6899350502147049,0.3702310585706609,0.4488599348534202,0.40577149587750294,0.7853337511751802,0.565816211334387,0.6577427821522309,0.24309691391445587,0.4802139037433155,0.32278936017253773
y2022_m02_w12_lag1y,2022,2,12,1,0,34352,balanced_logistic,0.47778374301734344,0.5474331416571913,0.7012449812037316,0.37230306071249375,0.5163535142658316,0.4326530612244898,0.7854683195592287,0.5304651162790698,0.633259300388673,0.28926038500506585,0.5035273368606702,0.36743886743886744
y2022_m02_w12_lag1y,2022,2,12,1,1,34352,balanced_logistic,0.4765552518236909,0.5443173396408283,0.7050440985744396,0.36855670103092786,0.4975643702157272,0.4234527687296417,0.7750511247443763,0.5288372093023256,0.6286978158695051,0.2959439158738107,0.5211640211640212,0.3775151708719259
y2022_m02_w12_lag1y,2022,2,12,1,2,34352,balanced_logistic,0.4769079181750994,0.5491482402542698,0.6981616264380834,0.368720870015536,0.4954766875434934,0.42280285035629456,0.7848187055235514,0.5386046511627907,0.6388084402151427,0.289738430583501,0.5083848190644307,0.36911246395386094
y2022_m02_w12_lag1y,2022,2,12,1,3,34352,balanced_logistic,0.4662326923652154,0.5383140100535099,0.6943115220897743,0.35273098519652885,0.48086290883785665,0.40694935217903416,0.7813905223106191,0.5253488372093024,0.6282853566958698,0.28366336633663364,0.5057369814651368,0.36346336822074216
y2022_m02_w12_lag1y,2022,2,12,1,4,34352,balanced_logistic,0.47863541965937006,0.5457186036572536,0.7055964306254334,0.3649122807017544,0.5066109951287404,0.42424242424242425,0.786336702683862,0.5246511627906977,0.6293764820756033,0.29910269192422734,0.529567519858782,0.38228735266008285
y2022_m02_w16_lag1y,2022,2,16,1,0,34206,balanced_logistic,0.4607178118508049,0.5218188935190171,0.6850618357249237,0.33557742102537547,0.5031055900621118,0.4026095060577819,0.7478169752008382,0.5098833055489402,0.6063438119512886,0.31005859375,0.46863468634686345,0.3732001175433441
y2022_m02_w16_lag1y,2022,2,16,1,1,34206,balanced_logistic,0.4751560973528182,0.5351564180263882,0.6942250790696184,0.34782608695652173,0.5345765345765345,0.4214395099540582,0.7723054960742327,0.5153608001905216,0.6181974003713755,0.3197476952935468,0.4863468634686347,0.38583138173302106
y2022_m02_w16_lag1y,2022,2,16,1,2,34206,balanced_logistic,0.47559064903114007,0.5312825105386103,0.6937137397009995,0.34373427277302465,0.53027950310559,0.4170992366412214,0.7607296137339056,0.5065491783758037,0.6081486776268763,0.3328474246841594,0.5059084194977843,0.4015240328253224
y2022_m02_w16_lag1y,2022,2,16,1,3,34206,balanced_logistic,0.4758158773801798,0.5307937480266671,0.6982986067433571,0.3483483483483483,0.5403726708074534,0.42361533779671334,0.7613227893601725,0.5045259647451167,0.6068767908309456,0.3289665211062591,0.5003690036900369,0.39695550351288056
y2022_m02_w16_lag1y,2022,2,16,1,4,34206,balanced_logistic,0.47614134976982814,0.5319951235541615,0.6986652251156942,0.3510747185261003,0.532608695652174,0.42319555829734734,0.7618877368609224,0.5076226774654597,0.6092923516797712,0.3263157894736842,0.5033210332103321,0.39593613933236577
y2022_m02_w20_lag1y,2022,2,20,1,0,34367,balanced_logistic,0.4806776903510843,0.536244968879234,0.6977151826203438,0.33454545454545453,0.5546942291128337,0.41736876215165264,0.7537184365271532,0.5183158896289248,0.6142353770260747,0.3556851311953353,0.4850894632206759,0.41042893187552565
y2022_m02_w20_lag1y,2022,2,20,1,1,34367,balanced_logistic,0.46990027186717925,0.5214268638189148,0.6845124802299368,0.33583690987124465,0.5391903531438416,0.41388429752066114,0.7422459893048128,0.49524262607040914,0.5940933086032244,0.3383219954648526,0.4943671305500331,0.4017232094776521
y2022_m02_w20_lag1y,2022,2,20,1,2,34367,balanced_logistic,0.47415795089622187,0.5267121840263215,0.6946290404817087,0.32121513944223107,0.5555555555555556,0.4070684758598927,0.7559739319333816,0.49678800856531047,0.5995692749461594,0.3571088920589634,0.49768058316766073,0.4158361018826135
y2022_m02_w20_lag1y,2022,2,20,1,3,34367,balanced_logistic,0.4778591791464754,0.529030656695096,0.6975794028667982,0.3343558282208589,0.5633074935400517,0.4196342637151107,0.7546762589928058,0.4991672614798953,0.6008878705427466,0.3523631258773982,0.4990059642147117,0.41305540318156886
y2022_m02_w20_lag1y,2022,2,20,1,4,34367,balanced_logistic,0.4709023616101109,0.5211606958219792,0.69344344128058,0.32527020072053525,0.5443583118001722,0.4072164948453608,0.7488134355604235,0.48798477278134667,0.5908959953903774,0.35006846188954815,0.508283631544069,0.4145945945945946
y2022_m02_w30_lag1y,2022,2,30,1,0,33907,balanced_logistic,0.47007155372508796,0.5496756498252812,0.695095644349291,0.1762402088772846,0.5192307692307693,0.2631578947368421,0.6357115892789732,0.519592718296822,0.5718166383701189,0.621683967704729,0.535253227408143,0.575240128068303
y2022_m02_w30_lag1y,2022,2,30,1,1,33907,balanced_logistic,0.4756750846483446,0.552991987561317,0.7011313882135687,0.18356867779204109,0.55,0.27526467757459094,0.646014355874575,0.5276149336624498,0.5808423913043478,0.6201008925106714,0.5289639192320423,0.570918185066095
y2022_m02_w30_lag1y,2022,2,30,1,2,33907,balanced_logistic,0.46542352102746704,0.5422778492311627,0.6895174485000339,0.1784313725490196,0.5260115606936416,0.2664714494875549,0.6306775874906925,0.5228395061728395,0.5717178535268309,0.6077972709551657,0.5158835208471211,0.5580812600680151
y2022_m02_w30_lag1y,2022,2,30,1,3,33907,balanced_logistic,0.47118386328376444,0.5521044709893849,0.699517108393073,0.1754270696452037,0.5134615384615384,0.2615083251714006,0.6406076324564653,0.533641975308642,0.582252904529382,0.62109375,0.5263157894736842,0.5697903601505107
y2022_m02_w30_lag1y,2022,2,30,1,4,33907,balanced_logistic,0.4702741639049773,0.5431934732207251,0.6920760408950489,0.1853211009174312,0.5826923076923077,0.28120649651972157,0.6371986222732492,0.5138888888888888,0.5689390056381343,0.6146861429135413,0.5153922542204568,0.560676989557076
y2022_m03_w04_lag1y,2022,3,4,1,0,34889,balanced_logistic,0.42951507304765996,0.5833143386258579,0.6893033620690762,0.2770758122743682,0.22343522561863174,0.24738114423851731,0.803091738469336,0.6643605870020964,0.7271684258834328,0.22505197505197505,0.5191846522781774,0.3139956490210297
y2022_m03_w04_lag1y,2022,3,4,1,1,34889,balanced_logistic,0.4282411185522748,0.5768779346014096,0.6860348830069193,0.26265060240963856,0.23799126637554585,0.24971363115693013,0.8054464519507725,0.6449989515621724,0.7163483931066604,0.22884012539184953,0.5245508982035928,0.3186613313932339
y2022_m03_w04_lag1y,2022,3,4,1,2,34889,balanced_logistic,0.4418474915982558,0.5905670471908474,0.6914338070572761,0.2716568544995795,0.23508005822416303,0.2520483808037456,0.8061585058051489,0.6697420842944013,0.7316458595808041,0.24904214559386972,0.5449101796407185,0.3418482344102179
y2022_m03_w04_lag1y,2022,3,4,1,3,34889,balanced_logistic,0.4321084496838352,0.5842355246297205,0.6975931629054891,0.25925925925925924,0.21397379912663755,0.23444976076555024,0.80650902618866,0.6651289578527994,0.7290278096989198,0.239141810570382,0.5473053892215569,0.3328477785870357
y2022_m03_w04_lag1y,2022,3,4,1,4,34889,balanced_logistic,0.42757647090190276,0.5818507569793153,0.6904241095562221,0.2542517006802721,0.21761280931586607,0.23450980392156862,0.8105046343975283,0.6600964562801426,0.7276089217612389,0.2300469483568075,0.5287769784172662,0.32061068702290074
y2022_m03_w08_lag1y,2022,3,8,1,0,34608,balanced_logistic,0.4389953076086923,0.5904524956922698,0.69496874456773,0.242152466367713,0.36346153846153845,0.2906574394463668,0.8098829648894669,0.6539269214615707,0.7235970721505751,0.2631926121372032,0.35625,0.30273141122913505
y2022_m03_w08_lag1y,2022,3,8,1,1,34608,balanced_logistic,0.44672286795812916,0.5992956741883843,0.7097794098722755,0.25097024579560157,0.37271853986551395,0.29996134518747586,0.827659012932172,0.6585468290634188,0.733481464156239,0.26149968494013864,0.3708668453976765,0.30672579453067256
y2022_m03_w08_lag1y,2022,3,8,1,2,34608,balanced_logistic,0.4446131378600447,0.6000418057627709,0.7093058729595558,0.24948735475051265,0.3506243996157541,0.2915335463258786,0.8201957753735188,0.6687670657424911,0.7367812102279301,0.2612555485098288,0.3678571428571429,0.30552465702632553
y2022_m03_w08_lag1y,2022,3,8,1,3,34608,balanced_logistic,0.4436377800336841,0.5984388260144581,0.7054841447968915,0.26071428571428573,0.35096153846153844,0.29918032786885246,0.8204663212435234,0.6651963873135895,0.734717550168194,0.24864539434075858,0.36875,0.29701546206400575
y2022_m03_w08_lag1y,2022,3,8,1,4,34608,balanced_logistic,0.44754633696384455,0.6003996459997138,0.7041255046482547,0.2546583850931677,0.3548076923076923,0.2965046203294496,0.8203003625064733,0.665406427221172,0.7347790792067725,0.2639751552795031,0.3794642857142857,0.31135531135531136
y2022_m03_w12_lag1y,2022,3,12,1,0,34381,balanced_logistic,0.43791196868657184,0.5472952544891496,0.6712632993964297,0.2673611111111111,0.4657258064516129,0.3397058823529412,0.7667336972134444,0.6000449640287769,0.6732248707277084,0.27997601918465226,0.32498260264439804,0.300805152979066
y2022_m03_w12_lag1y,2022,3,12,1,1,34381,balanced_logistic,0.441297169277963,0.5527577175771559,0.6752194984388004,0.26018099547511314,0.4637096774193548,0.3333333333333333,0.7744252873563219,0.6060265347425231,0.679954585593541,0.29238329238329236,0.3312456506610995,0.31060358890701467
y2022_m03_w12_lag1y,2022,3,12,1,2,34381,balanced_logistic,0.4391836786037839,0.5524689459179458,0.6761182515543648,0.2532875929102344,0.4465725806451613,0.32323969354250276,0.7719498289623717,0.6089498538340454,0.6808296668761785,0.2958616429894997,0.3333333333333333,0.31348167539267013
y2022_m03_w12_lag1y,2022,3,12,1,3,34381,balanced_logistic,0.42967030799831746,0.545104018644903,0.6703475411426832,0.24254821741671537,0.4183467741935484,0.30706622271550127,0.7684361549497848,0.6022037328536092,0.6752395360564801,0.2845238095238095,0.3326374391092554,0.3067051652229708
y2022_m03_w12_lag1y,2022,3,12,1,4,34381,balanced_logistic,0.45732760788354304,0.5603874834308765,0.6836033140991978,0.27660753880266076,0.5030241935483871,0.3569384835479256,0.7776484284051223,0.6008545086575219,0.6779144995560066,0.31662591687041564,0.360473208072373,0.33712984054669703
y2022_m03_w16_lag1y,2022,3,16,1,0,34238,balanced_logistic,0.4604783635460155,0.5311395386429357,0.6767323278210607,0.282950423216445,0.47035175879396984,0.35334088335220837,0.72090112640801,0.556118754525706,0.6278784575555253,0.3713713713713714,0.43391812865497076,0.4002157497303128
y2022_m03_w16_lag1y,2022,3,16,1,1,34238,balanced_logistic,0.47009175893641686,0.5436675916758443,0.6824822375059262,0.2815198618307427,0.4919517102615694,0.35811058220432074,0.734921125889267,0.5734974656046343,0.6442516268980477,0.38977635782747605,0.42781998831092927,0.4079130677068821
y2022_m03_w16_lag1y,2022,3,16,1,2,34238,balanced_logistic,0.45207409221870315,0.5264024197574274,0.6688545926853934,0.2746144721233689,0.46579476861167,0.3455223880597015,0.7259842519685039,0.5563601255129134,0.6299535392183657,0.35430296930045296,0.4114552893045003,0.3807463493780422
y2022_m03_w16_lag1y,2022,3,16,1,3,34238,balanced_logistic,0.4578404890796921,0.532925128011511,0.6717012248721058,0.2748267898383372,0.4788732394366197,0.3492296404988995,0.7241167434715822,0.5690487687107677,0.637285385967284,0.37150537634408604,0.4038573933372297,0.38700644077289276
y2022_m03_w16_lag1y,2022,3,16,1,4,34238,balanced_logistic,0.44987764697654425,0.5256719469291491,0.6699063831243258,0.26827864133563617,0.4688128772635815,0.3412669351885756,0.7224642190416926,0.5605987445678416,0.6313213703099511,0.35864978902953587,0.39742840444184685,0.37704463543110617
y2022_m03_w20_lag1y,2022,3,20,1,0,34355,balanced_logistic,0.4940978581216644,0.5709827286120954,0.7044442628030912,0.26057633353770693,0.4988262910798122,0.342327829238824,0.7466340269277846,0.5902273826802129,0.6592812753309917,0.4700811359026369,0.4917771883289125,0.4806844697951776
y2022_m03_w20_lag1y,2022,3,20,1,1,34355,balanced_logistic,0.501045600629307,0.5765680920831643,0.7134561200151396,0.2691600245248314,0.5152582159624414,0.3536045106725735,0.7519118996635057,0.594581519109821,0.6640551127921113,0.4748858447488584,0.496551724137931,0.4854771784232365
y2022_m03_w20_lag1y,2022,3,20,1,2,34355,balanced_logistic,0.49309805276140967,0.5685091708393721,0.7018432314577501,0.26366366366366367,0.5152582159624414,0.3488279698053238,0.7429094236047575,0.5892597968069666,0.6572237960339944,0.46808510638297873,0.47851458885941645,0.4732423924449108
y2022_m03_w20_lag1y,2022,3,20,1,3,34355,balanced_logistic,0.4967935775295209,0.5716698912785201,0.7045142345421057,0.2641744548286604,0.49765258215962443,0.3451363451363451,0.7545626179987414,0.5799274486094317,0.6558184055791058,0.46551724137931033,0.5159235668789809,0.48942598187311176
y2022_m03_w20_lag1y,2022,3,20,1,4,34355,balanced_logistic,0.48663956306818773,0.5640963086021813,0.7024251097158564,0.25636471284783896,0.5088131609870741,0.3409448818897638,0.7432680538555692,0.5874244256348247,0.6562204511684452,0.4592476489028213,0.4663129973474801,0.4627533561463543
y2022_m04_w04_lag1y,2022,4,4,1,0,35008,balanced_logistic,0.4587236568897923,0.6185528655614306,0.7279903213222035,0.2772346368715084,0.35288888888888886,0.31052014078998824,0.8342486270594108,0.6866652968974728,0.7532965175250761,0.2570332480818414,0.39801980198019804,0.3123543123543124
y2022_m04_w04_lag1y,2022,4,4,1,1,35008,balanced_logistic,0.4517197367856875,0.6175111459442841,0.7220764915052312,0.2578073089700997,0.3448888888888889,0.2950570342205323,0.8330867850098619,0.6942675159235668,0.7573685980051552,0.25746009715475365,0.3673267326732673,0.30273357813137497
y2022_m04_w04_lag1y,2022,4,4,1,2,35008,balanced_logistic,0.4582108182926224,0.6226119319211653,0.7277531812861447,0.2746478873239437,0.3463587921847247,0.3063629222309505,0.8334963325183374,0.7004314772960756,0.7611923635145696,0.257372654155496,0.38057482656095143,0.30707716913234706
y2022_m04_w04_lag1y,2022,4,4,1,3,35008,balanced_logistic,0.4510261884007456,0.6150038608801701,0.722520681656393,0.25948930296756384,0.3342222222222222,0.29215229215229216,0.8235437484767244,0.6944101931771476,0.7534842234362805,0.2608695652173913,0.37425742574257426,0.3074420496136641
y2022_m04_w04_lag1y,2022,4,4,1,4,35008,balanced_logistic,0.4500881546033064,0.6130447582533994,0.7221148198931248,0.25815217391304346,0.3377777777777778,0.29264536003080477,0.8336260978670013,0.6826962597616112,0.7506496441080104,0.2538860103626943,0.38811881188118813,0.3069694596711042
y2022_m04_w08_lag1y,2022,4,8,1,0,34653,balanced_logistic,0.45885331592730544,0.5726303199923886,0.6841223867727194,0.27974683544303797,0.4010889292196007,0.3296047725577927,0.7760869565217391,0.6346666666666667,0.6982885085574572,0.3129862357869539,0.3935289691497366,0.3486666666666667
y2022_m04_w08_lag1y,2022,4,8,1,1,34653,balanced_logistic,0.45941588630695884,0.5724819029167435,0.6920521902193738,0.28107074569789675,0.40054495912806537,0.3303370786516854,0.7816726469776428,0.629193512552766,0.6971935007385525,0.30937320299022425,0.40481565086531224,0.35071707953063885
y2022_m04_w08_lag1y,2022,4,8,1,2,34653,balanced_logistic,0.44745735437315365,0.569291442525354,0.6876677271471504,0.2697409981048642,0.38782924613987285,0.3181818181818182,0.7784350631890293,0.6431904021328594,0.7043795620437956,0.2903621853898097,0.35590669676448455,0.3198106828938472
y2022_m04_w08_lag1y,2022,4,8,1,3,34653,balanced_logistic,0.45212710491881786,0.5704354570142781,0.68570243795044,0.2700636942675159,0.3851044504995459,0.31748408835642083,0.7774769897130482,0.6382222222222222,0.7010007322431047,0.3037214885954382,0.38073739653875094,0.33789649415692824
y2022_m04_w08_lag1y,2022,4,8,1,4,34653,balanced_logistic,0.44274346180042395,0.5616104546660372,0.6790022882875107,0.27303523035230354,0.36603088101725706,0.31276678308110206,0.771094175285792,0.6295555555555555,0.6931734768779055,0.28146067415730336,0.37697516930022573,0.3222901254422644
y2022_m04_w12_lag1y,2022,4,12,1,0,34410,balanced_logistic,0.46150143254773185,0.5538078464385927,0.6732931540957666,0.26403061224489793,0.3950381679389313,0.3165137614678899,0.7412368196067256,0.6102768653214453,0.6694119160983143,0.37285318559556785,0.42811704834605596,0.3985786200769914
y2022_m04_w12_lag1y,2022,4,12,1,1,34410,balanced_logistic,0.470547959969198,0.5626490955563147,0.6747857949960183,0.2868162692847125,0.3902671755725191,0.33063864187550523,0.7446093531223746,0.6238854997653683,0.6789225073407379,0.3687002652519894,0.44211195928753183,0.40208273069135086
y2022_m04_w12_lag1y,2022,4,12,1,2,34410,balanced_logistic,0.4646487155754295,0.5622059223184953,0.6851668989846673,0.2673611111111111,0.36736641221374045,0.3094855305466238,0.7545994905179734,0.6256747242431354,0.6841159866564024,0.3651126244106862,0.4431023521932613,0.4003446295232625
y2022_m04_w12_lag1y,2022,4,12,1,3,34410,balanced_logistic,0.45809321783234175,0.5541132169287891,0.6740004602121733,0.26582278481012656,0.38108882521489973,0.3131868131868132,0.7383801836905093,0.6224777099953074,0.675493316359007,0.3624161073825503,0.41195168467895743,0.385599523951205
y2022_m04_w12_lag1y,2022,4,12,1,4,34410,balanced_logistic,0.45937030134902773,0.55442786081897,0.6759738304279764,0.26706036745406825,0.38872970391595035,0.3166083236094905,0.7466552803871335,0.6154387611450024,0.6747266881028939,0.35826558265582653,0.42021614748887476,0.38677589233469867
y2022_m04_w16_lag1y,2022,4,16,1,0,34160,balanced_logistic,0.49635157630488647,0.5850391093390218,0.7072112663194283,0.24802631578947368,0.4212290502793296,0.3122153209109731,0.7576291079812206,0.6223186309954206,0.6833399497154956,0.47846638655462187,0.5095078299776287,0.4934994582881907
y2022_m04_w16_lag1y,2022,4,16,1,1,34160,balanced_logistic,0.506538046709408,0.5922175160445482,0.7195948977068438,0.26618705035971224,0.4547486033519553,0.3358085808580858,0.7626970227670753,0.6296385542168674,0.6898099260823654,0.4821523708044752,0.506435366536094,0.49399563318777295
y2022_m04_w16_lag1y,2022,4,16,1,2,34160,balanced_logistic,0.4909410308872411,0.5808219013637743,0.6999709399700246,0.24352331606217617,0.4201117318435754,0.3083230832308323,0.7581834267177824,0.6195180722891567,0.6818724307121071,0.46863468634686345,0.4974818130945719,0.4826275787187839
y2022_m04_w16_lag1y,2022,4,16,1,3,34160,balanced_logistic,0.48899793454718204,0.5746146626787281,0.7004979755451637,0.2466007416563659,0.44581005586592176,0.31754874651810583,0.7510422870756402,0.607710843373494,0.6718167288225892,0.46875,0.4868494683827644,0.47762832830085095
y2022_m04_w16_lag1y,2022,4,16,1,4,34160,balanced_logistic,0.5045173992612099,0.5879540113942076,0.7151140945703447,0.27892030848329047,0.4849162011173184,0.35414116687066505,0.7534324942791762,0.6346987951807229,0.6889877059900602,0.4713483146067416,0.46950195858981536,0.4704233249229044
y2022_m04_w20_lag1y,2022,4,20,1,0,34132,balanced_logistic,0.4825890330689204,0.5773779299020428,0.6996555120453366,0.19502353732347008,0.4067321178120617,0.2636363636363636,0.726080476900149,0.6192170818505338,0.6684044450541913,0.5410579345088161,0.4926605504587156,0.5157262905162064
y2022_m04_w20_lag1y,2022,4,20,1,1,34132,balanced_logistic,0.5050104542219375,0.5960454409965114,0.7128162540186813,0.2291044776119403,0.4305750350631136,0.2990745250852411,0.7365513230590288,0.6438739196746314,0.6871015868710159,0.5458984375,0.5128440366972477,0.5288552507095553
y2022_m04_w20_lag1y,2022,4,20,1,2,34132,balanced_logistic,0.5130431703579509,0.5988100779833382,0.7205096303291575,0.24019957234497505,0.47331460674157305,0.3186761229314421,0.7391560932428445,0.6367564819522115,0.6841458418680868,0.5555555555555556,0.518348623853211,0.5363075462743236
y2022_m04_w20_lag1y,2022,4,20,1,3,34132,balanced_logistic,0.49608798370564783,0.585805126153766,0.7127420412778634,0.221671388101983,0.4396067415730337,0.2947269303201507,0.7259755387303436,0.6337061514997459,0.6767100977198697,0.5429292929292929,0.49311926605504586,0.5168269230769231
y2022_m04_w20_lag1y,2022,4,20,1,4,34132,balanced_logistic,0.5031779727144846,0.5897444561950475,0.7102974211630055,0.23134328358208955,0.4789325842696629,0.3119853613906679,0.7347300088521688,0.6329435688866294,0.680049160180254,0.5461029037187978,0.4917431192660551,0.517499396572532
y2022_m05_w04_lag1y,2022,5,4,1,0,34972,balanced_logistic,0.4818195989963991,0.5624646844561911,0.6984244549019505,0.36543753439735827,0.43285528031290743,0.39629961205610265,0.7575934579439252,0.6028352312340228,0.6714119321858418,0.31356898517673887,0.4749568221070812,0.37774725274725274
y2022_m05_w04_lag1y,2022,5,4,1,1,34972,balanced_logistic,0.48183161658993773,0.5656855742637809,0.6984668579509904,0.35965417867435157,0.4067796610169492,0.38176812480881006,0.750140056022409,0.622356495468278,0.6802997586688683,0.3230769230769231,0.47150259067357514,0.38342696629213485
y2022_m05_w04_lag1y,2022,5,4,1,2,34972,balanced_logistic,0.475556369264129,0.5612533355189917,0.691764761131297,0.35564610011641445,0.3983050847457627,0.3757687576875769,0.7490163012928611,0.6193353474320241,0.6780307848874189,0.3119906868451688,0.46326707000864303,0.3728695652173913
y2022_m05_w04_lag1y,2022,5,4,1,3,34972,balanced_logistic,0.482936540058684,0.5659107726797531,0.6965385925176201,0.3591628959276018,0.41395045632333766,0.38461538461538464,0.7602187679907887,0.6137578433650941,0.6791822039346792,0.319634703196347,0.4840103716508211,0.3850120316259883
y2022_m05_w04_lag1y,2022,5,4,1,4,34972,balanced_logistic,0.47487551219214336,0.5626445889687446,0.6972651805898776,0.35380281690140847,0.409387222946545,0.3795708673315201,0.7525280898876404,0.6225888914710667,0.6814193056085464,0.3086196503918023,0.442523768366465,0.36363636363636365
y2022_m05_w08_lag1y,2022,5,8,1,0,34553,balanced_logistic,0.4664905962182178,0.568565806845402,0.6863049795735532,0.2737226277372263,0.3661513425549227,0.3132613992342499,0.768652561247216,0.6376443418013856,0.6970462004544307,0.3516417910447761,0.4356508875739645,0.38916418896597293
y2022_m05_w08_lag1y,2022,5,8,1,1,34553,balanced_logistic,0.4660651931614586,0.5656856566327313,0.6920776611490552,0.27487864077669905,0.36859235150528885,0.3149113660062565,0.7596899224806202,0.6337182448036951,0.691009821203727,0.3567534827377347,0.4356508875739645,0.39227439227439226
y2022_m05_w08_lag1y,2022,5,8,1,2,34553,balanced_logistic,0.4773459289658499,0.5744959209253491,0.6945822736116246,0.2962287104622871,0.39625711960943855,0.3390184476157327,0.7598800763150723,0.6438799076212471,0.6970871358919865,0.36545682102628285,0.4319526627218935,0.3959322033898305
y2022_m05_w08_lag1y,2022,5,8,1,3,34553,balanced_logistic,0.4665221012538298,0.5673345154961053,0.687121269907453,0.2878883956880152,0.3694060211554109,0.323592302209551,0.7605827377680044,0.6391776391776391,0.694615288063261,0.34277286135693213,0.4297337278106509,0.3813587134886774
y2022_m05_w08_lag1y,2022,5,8,1,4,34553,balanced_logistic,0.46329471555150276,0.5630555849569384,0.6884497196506641,0.2741730279898219,0.3506916192026037,0.30774723313102464,0.7539180643387408,0.6334026334026334,0.6884258096911875,0.3533215755437978,0.44452662721893493,0.3937111038322961
y2022_m05_w12_lag1y,2022,5,12,1,0,34248,balanced_logistic,0.502483658882254,0.5769129127451943,0.7147774905042587,0.289554062309102,0.4497153700189753,0.35228539576365664,0.7465246968352558,0.6112860256720756,0.6721704394141145,0.46124454148471616,0.5068986202759448,0.48299514146899114
y2022_m05_w12_lag1y,2022,5,12,1,1,34248,balanced_logistic,0.5122282750792782,0.5884115878461061,0.7140783668765524,0.28816568047337277,0.4620493358633776,0.35495626822157433,0.7649342891278376,0.6202470331799467,0.6850341045874013,0.4768211920529801,0.5182963407318536,0.49669445242885885
y2022_m05_w12_lag1y,2022,5,12,1,2,34248,balanced_logistic,0.5065951033579258,0.5806984902408744,0.7126475048134729,0.28647686832740216,0.45825426944971537,0.35255474452554747,0.7524604831494184,0.6110438362799709,0.6744186046511628,0.4732192159028161,0.5140971805638872,0.4928119608970673
y2022_m05_w12_lag1y,2022,5,12,1,3,34248,balanced_logistic,0.5078845637792636,0.5831181641756945,0.7134445985781713,0.28214285714285714,0.4497153700189753,0.3467446964155084,0.7597950572634117,0.6105594574957617,0.6770511615415603,0.47487844408427876,0.5276110444177671,0.4998578333807222
y2022_m05_w12_lag1y,2022,5,12,1,4,34248,balanced_logistic,0.5122531789930004,0.5834174601197037,0.7257179496370353,0.304973037747154,0.4829222011385199,0.37385236871098054,0.7524517087667162,0.6133720930232558,0.6758307753903643,0.4672176308539945,0.5086982603479304,0.4870763928776565
y2022_m05_w16_lag1y,2022,5,16,1,0,33874,balanced_logistic,0.5078194060764596,0.5987287781237437,0.7217003921977386,0.23286713286713287,0.46443514644351463,0.31020027945971124,0.7535671819262783,0.6342256692519389,0.6887651134356745,0.5350832912670368,0.5143134400776322,0.5244928253339931
y2022_m05_w16_lag1y,2022,5,16,1,1,33874,balanced_logistic,0.49782075999678704,0.5894562235036828,0.7114785548703972,0.22594142259414227,0.45188284518828453,0.301255230125523,0.7396899678268499,0.6327245434075557,0.6820388349514563,0.5286160249739854,0.49296458030082485,0.5101682149133818
y2022_m05_w16_lag1y,2022,5,16,1,2,33874,balanced_logistic,0.4954587636819045,0.5883539782586293,0.7124022608917926,0.22168840082361016,0.4504881450488145,0.297148114075437,0.7468805704099821,0.6289717287965975,0.6828738286024718,0.5204918032786885,0.49296458030082485,0.5063543483678047
y2022_m05_w16_lag1y,2022,5,16,1,3,33874,balanced_logistic,0.4980268573528228,0.5921765204873888,0.7158344803032849,0.21056020605280104,0.4554317548746518,0.28797886393659183,0.7577240746405629,0.6197147860895672,0.6818056702449766,0.5386584741423451,0.5106796116504855,0.5242960378769
y2022_m05_w16_lag1y,2022,5,16,1,4,33874,balanced_logistic,0.49515423441416556,0.5908470389107601,0.7101305620472171,0.21956368754398312,0.4351464435146444,0.29186155285313375,0.7361980648833238,0.6472354265699275,0.6888563440287578,0.5350734094616639,0.47766990291262135,0.5047448063606053
y2022_m06_w04_lag1y,2022,6,4,1,0,34820,balanced_logistic,0.4899172459564602,0.5841562378096198,0.713955140536819,0.3473557692307692,0.43263473053892215,0.38533333333333336,0.7792642140468228,0.6310088016249153,0.6973438084549196,0.32885514018691586,0.4703425229741019,0.38707459608112754
y2022_m06_w04_lag1y,2022,6,4,1,1,34820,balanced_logistic,0.4789244380082245,0.5739432800412982,0.7023110881567322,0.3173758865248227,0.40194610778443113,0.35468956406869223,0.7775255391600454,0.618370570977206,0.688874921433061,0.33123569794050345,0.48370927318295737,0.3932088285229202
y2022_m06_w04_lag1y,2022,6,4,1,2,34820,balanced_logistic,0.4843553412326885,0.5784931349738598,0.7070963670612486,0.3354651162790698,0.4318862275449102,0.3776178010471204,0.7719688542825361,0.6266365688487585,0.6917518066284575,0.3313106796116505,0.4557595993322204,0.3836964160224877
y2022_m06_w04_lag1y,2022,6,4,1,3,34820,balanced_logistic,0.4712125008973354,0.569949587437362,0.6976155317431273,0.31164179104477613,0.3907185628742515,0.3467286615742278,0.7699164345403899,0.6239277652370203,0.6892768079800499,0.32195409064155384,0.4565943238731219,0.3776320331377287
y2022_m06_w04_lag1y,2022,6,4,1,4,34820,balanced_logistic,0.483095743942709,0.5800613096146684,0.7060749366662574,0.3337349397590361,0.41467065868263475,0.369826435246996,0.776483638380477,0.6320541760722348,0.6968641114982579,0.32626619552414604,0.46243739565943237,0.3825966850828729
y2022_m06_w08_lag1y,2022,6,8,1,0,34297,balanced_logistic,0.48111178018060174,0.5793875708548422,0.7018219085618496,0.25534514355528404,0.43048403707518024,0.3205521472392638,0.7634889572267263,0.6382332320635663,0.695264765784114,0.42284325637910086,0.4322981366459627,0.4275184275184275
y2022_m06_w08_lag1y,2022,6,8,1,1,34297,balanced_logistic,0.4810659258243574,0.579164444119293,0.6990593244923814,0.2655960469425571,0.4428424304840371,0.33204633204633205,0.7676115632893629,0.6391680299135312,0.6975261412904871,0.4052443384982122,0.422360248447205,0.41362530413625304
y2022_m06_w08_lag1y,2022,6,8,1,2,34297,balanced_logistic,0.48101823629818224,0.5787214528206751,0.7016990354059588,0.2560532687651332,0.43608247422680413,0.32265446224256294,0.7730923694779116,0.6299672744273025,0.6942297784647089,0.4125508425334108,0.4407200496585971,0.4261704681872749
y2022_m06_w08_lag1y,2022,6,8,1,3,34297,balanced_logistic,0.48844946476058193,0.5859257301431254,0.7107853690521729,0.2620647525962126,0.4422680412371134,0.3291139240506329,0.7734198645598194,0.6407199625993455,0.7008437739708514,0.4266984505363528,0.4444444444444444,0.4353906962602615
y2022_m06_w08_lag1y,2022,6,8,1,4,34297,balanced_logistic,0.47628521049749034,0.5740223157499793,0.7001321876863353,0.24524940617577198,0.42577319587628865,0.31122833458929916,0.7667336972134444,0.6238896680691912,0.6879752545431113,0.41912632821723733,0.4407200496585971,0.4296520423600605
y2022_m06_w12_lag1y,2022,6,12,1,0,33910,balanced_logistic,0.4560800865679632,0.5646606805064682,0.6914518107170977,0.19481268011527378,0.5208012326656395,0.2835570469798658,0.7419889502762431,0.6524168083555988,0.6943259661367455,0.47091800981079185,0.3333333333333333,0.39035724658727855
y2022_m06_w12_lag1y,2022,6,12,1,1,33910,balanced_logistic,0.46231849066953606,0.5662251987066799,0.6888745579564725,0.20349187236604455,0.5208012326656395,0.29264069264069265,0.7444759206798867,0.6383288802526111,0.687328364064339,0.46134506599622876,0.36408730158730157,0.4069864153035764
y2022_m06_w12_lag1y,2022,6,12,1,2,33910,balanced_logistic,0.46033880805736843,0.5663108352034997,0.69289813107003,0.19930273097036608,0.5285053929121726,0.28945147679324895,0.750997150997151,0.6402720427495749,0.6912285302215813,0.46034816247582205,0.3541666666666667,0.400336417157275
y2022_m06_w12_lag1y,2022,6,12,1,3,33910,balanced_logistic,0.45980941695442357,0.5666341572525596,0.6966829735134663,0.1950254381006218,0.5315870570107858,0.2853598014888337,0.7538020086083214,0.6380859849404906,0.6911339121283873,0.46727748691099474,0.3541666666666667,0.40293453724604966
y2022_m06_w12_lag1y,2022,6,12,1,4,33910,balanced_logistic,0.4627426966470381,0.5680157771164926,0.6972626030782464,0.20624631703005303,0.5384615384615384,0.2982530890498509,0.7448696616749861,0.6524168083555988,0.6955846173766671,0.4658553076402975,0.3419354838709677,0.39439038351459643
y2022_m07_w04_lag1y,2022,7,4,1,0,34491,balanced_logistic,0.4537808497984135,0.6122358448093066,0.7119038503859518,0.22686771761480465,0.356297093649085,0.27721943048576214,0.822816759212519,0.683868260960772,0.7469355023484935,0.30581867388362655,0.37572734829592686,0.3371876165609847
y2022_m07_w04_lag1y,2022,7,4,1,1,34491,balanced_logistic,0.45331955064292223,0.6122296529304575,0.7173283525680133,0.22825330549756437,0.35306781485468247,0.2772612003381234,0.8308521560574949,0.6790434235368156,0.7473161722267113,0.29648562300319486,0.3860232945091514,0.3353812793639321
y2022_m07_w04_lag1y,2022,7,4,1,2,34491,balanced_logistic,0.442901686246876,0.6022999602226228,0.7092705773886842,0.22845129642606868,0.35091496232508074,0.2767402376910017,0.8263239875389408,0.6677155443675268,0.738600765750087,0.2730080296479308,0.36772046589018303,0.31336405529953915
y2022_m07_w04_lag1y,2022,7,4,1,3,34491,balanced_logistic,0.4553945394537946,0.6057518020260868,0.7098482643914455,0.23278061224489796,0.39289558665231433,0.2923508209851822,0.8290620871862615,0.6584137641628199,0.7339492457022571,0.3022653721682848,0.3881961762261014,0.3398835516739447
y2022_m07_w04_lag1y,2022,7,4,1,4,34491,balanced_logistic,0.44332304170317416,0.6014696350737999,0.7128338343412942,0.2161474888747616,0.36598493003229277,0.2717825739408473,0.8238961038961039,0.6655476290390264,0.7363045496750232,0.2922033898305085,0.35827098919368244,0.321882001493652
y2022_m07_w08_lag1y,2022,7,8,1,0,33973,balanced_logistic,0.43688614398600056,0.5597168894061159,0.6897437526138509,0.19858156028368795,0.4631043256997455,0.27796869033982435,0.7781880147685317,0.6322104291647439,0.697644812221515,0.36224843858431643,0.31164179104477613,0.33504492939666236
y2022_m07_w08_lag1y,2022,7,8,1,1,33973,balanced_logistic,0.44547991936979653,0.5675455605081313,0.6957304826082895,0.21016561964591662,0.4681933842239186,0.29010642491131255,0.7749240541286937,0.6474388555606829,0.705468258956631,0.37104708362614197,0.31522388059701495,0.3408650742414461
y2022_m07_w08_lag1y,2022,7,8,1,2,33973,balanced_logistic,0.4361099449730834,0.5587256546704427,0.6904335338195681,0.2012951969778737,0.47455470737913485,0.28268283440697234,0.7720917225950783,0.6369088811995386,0.6980154215649096,0.3645680819912152,0.2974910394265233,0.32763157894736844
y2022_m07_w08_lag1y,2022,7,8,1,3,33973,balanced_logistic,0.44103851284597223,0.5641299292823991,0.6856557551369189,0.20649132624510352,0.47006369426751593,0.2869362363919129,0.7721763085399449,0.6465974625144175,0.7038292529817953,0.3681917211328976,0.30286738351254483,0.33235004916420846
y2022_m07_w08_lag1y,2022,7,8,1,4,33973,balanced_logistic,0.44492322623279207,0.5653890545770043,0.6869295301305053,0.2126537785588752,0.4624203821656051,0.2913322632423756,0.7700800441622965,0.643598615916955,0.701181201306861,0.3668032786885246,0.3207885304659498,0.3422562141491396
y2022_m08_w04_lag1y,2022,8,4,1,0,33950,balanced_logistic,0.41555142187000804,0.5269342513319595,0.6666522885095973,0.14112203585887798,0.6304909560723514,0.23062381852551986,0.40924912978617606,0.40601874691662554,0.40762753838533927,0.740655737704918,0.5162248628884827,0.6084029086991651
y2022_m08_w04_lag1y,2022,8,4,1,1,33950,balanced_logistic,0.42229768129048195,0.5368233239882026,0.672116418800153,0.14457108578284344,0.6211340206185567,0.23454987834549879,0.4118525896414343,0.4079921065614208,0.40991325898389097,0.748314606741573,0.5328,0.6224299065420561
y2022_m08_w04_lag1y,2022,8,4,1,2,33950,balanced_logistic,0.4210683654796387,0.537188466779391,0.6720784434588375,0.1436233611442193,0.6211340206185567,0.23330106485963215,0.4102694458566345,0.3981253083374445,0.4041061592388583,0.7481717011128776,0.5378285714285714,0.6257978723404255
y2022_m08_w04_lag1y,2022,8,4,1,3,33950,balanced_logistic,0.41695090077659364,0.5376645024913513,0.6670005131751525,0.12993703491700057,0.5850515463917526,0.2126463700234192,0.425531914893617,0.40473840078973344,0.41487477864912725,0.7493581514762516,0.5335923217550275,0.6233315536572344
y2022_m08_w04_lag1y,2022,8,4,1,4,33950,balanced_logistic,0.41937254331139123,0.5373131152279772,0.6722390949887195,0.13807047949162335,0.615979381443299,0.22557810287871638,0.4170542635658915,0.3983218163869694,0.4074728603887907,0.7503201024327785,0.5356489945155393,0.6250666666666667
